DateTime,Process,Label
2019-08-01 11:39:08.462313,System Idle Process,work
2019-08-01 11:39:08.479314,System,work
2019-08-01 11:39:08.517314,Secure System,work
2019-08-01 11:39:08.551314,Registry,work
2019-08-01 11:39:08.580315,smss.exe,work
2019-08-01 11:39:08.599316,csrss.exe,work
2019-08-01 11:39:08.632315,wininit.exe,work
2019-08-01 11:39:08.658315,services.exe,work
2019-08-01 11:39:08.689315,LsaIso.exe,work
2019-08-01 11:39:08.723314,lsass.exe,work
2019-08-01 11:39:08.746314,svchost.exe,work
2019-08-01 11:39:08.770314,svchost.exe,work
2019-08-01 11:39:08.801315,fontdrvhost.exe,work
2019-08-01 11:39:08.828315,svchost.exe,work
2019-08-01 11:39:08.852314,svchost.exe,work
2019-08-01 11:39:08.879316,svchost.exe,work
2019-08-01 11:39:08.905314,svchost.exe,work
2019-08-01 11:39:08.932315,svchost.exe,work
2019-08-01 11:39:08.956315,svchost.exe,work
2019-08-01 11:39:08.983315,svchost.exe,work
2019-08-01 11:39:09.008315,svchost.exe,work
2019-08-01 11:39:09.041313,svchost.exe,work
2019-08-01 11:39:09.065314,svchost.exe,work
2019-08-01 11:39:09.090313,svchost.exe,work
2019-08-01 11:39:09.117314,svchost.exe,work
2019-08-01 11:39:09.144315,svchost.exe,work
2019-08-01 11:39:09.168315,svchost.exe,work
2019-08-01 11:39:09.198315,svchost.exe,work
2019-08-01 11:39:09.223314,svchost.exe,work
2019-08-01 11:39:09.248316,svchost.exe,work
2019-08-01 11:39:09.276312,svchost.exe,work
2019-08-01 11:39:09.329315,svchost.exe,work
2019-08-01 11:39:09.352314,svchost.exe,work
2019-08-01 11:39:09.388313,svchost.exe,work
2019-08-01 11:39:09.408315,svchost.exe,work
2019-08-01 11:39:09.433314,svchost.exe,work
2019-08-01 11:39:09.459314,svchost.exe,work
2019-08-01 11:39:09.492314,svchost.exe,work
2019-08-01 11:39:09.524316,svchost.exe,work
2019-08-01 11:39:09.551312,svchost.exe,work
2019-08-01 11:39:09.577316,svchost.exe,work
2019-08-01 11:39:09.601312,svchost.exe,work
2019-08-01 11:39:09.628312,WUDFHost.exe,work
2019-08-01 11:39:09.657314,ibmpmsvc.exe,work
2019-08-01 11:39:09.681315,LPlatSvc.exe,work
2019-08-01 11:39:09.708313,svchost.exe,work
2019-08-01 11:39:09.735314,NVDisplay.Container.exe,work
2019-08-01 11:39:09.759313,svchost.exe,work
2019-08-01 11:39:09.786314,svchost.exe,work
2019-08-01 11:39:09.817313,svchost.exe,work
2019-08-01 11:39:09.840313,svchost.exe,work
2019-08-01 11:39:09.869313,svchost.exe,work
2019-08-01 11:39:09.894318,Memory Compression,work
2019-08-01 11:39:09.920315,svchost.exe,work
2019-08-01 11:39:09.945313,igfxCUIService.exe,work
2019-08-01 11:39:09.978313,svchost.exe,work
2019-08-01 11:39:10.000313,svchost.exe,work
2019-08-01 11:39:10.025313,svchost.exe,work
2019-08-01 11:39:10.050313,PresentationFontCache.exe,work
2019-08-01 11:39:10.084314,svchost.exe,work
2019-08-01 11:39:10.111314,svchost.exe,work
2019-08-01 11:39:10.137312,RtkAudioService64.exe,work
2019-08-01 11:39:10.159313,svchost.exe,work
2019-08-01 11:39:10.192315,svchost.exe,work
2019-08-01 11:39:10.217312,svchost.exe,work
2019-08-01 11:39:10.240314,svchost.exe,work
2019-08-01 11:39:10.267314,svchost.exe,work
2019-08-01 11:39:10.296315,svchost.exe,work
2019-08-01 11:39:10.322313,svchost.exe,work
2019-08-01 11:39:10.346313,svchost.exe,work
2019-08-01 11:39:10.372313,spoolsv.exe,work
2019-08-01 11:39:10.427315,svchost.exe,work
2019-08-01 11:39:10.451315,com.docker.service,work
2019-08-01 11:39:10.484312,IntelCpHeciSvc.exe,work
2019-08-01 11:39:10.529313,svchost.exe,work
2019-08-01 11:39:10.554311,IntelCpHDCPSvc.exe,work
2019-08-01 11:39:10.576323,svchost.exe,work
2019-08-01 11:39:10.639312,svchost.exe,work
2019-08-01 11:39:10.663312,vmcompute.exe,work
2019-08-01 11:39:10.678318,ibtsiva.exe,work
2019-08-01 11:39:10.697325,svchost.exe,work
2019-08-01 11:39:10.735309,EasyResume.exe,work
2019-08-01 11:39:10.762312,svchost.exe,work
2019-08-01 11:39:10.785313,MSOIDSVC.EXE,work
2019-08-01 11:39:10.805311,svchost.exe,work
2019-08-01 11:39:10.840326,MsSense.exe,work
2019-08-01 11:39:10.865310,sqlwriter.exe,work
2019-08-01 11:39:10.906314,SynTPEnhService.exe,work
2019-08-01 11:39:10.937312,svchost.exe,work
2019-08-01 11:39:10.961320,svchost.exe,work
2019-08-01 11:39:10.986312,vmms.exe,work
2019-08-01 11:39:11.042320,svchost.exe,work
2019-08-01 11:39:11.063326,MsMpEng.exe,work
2019-08-01 11:39:11.095310,svchost.exe,work
2019-08-01 11:39:11.123324,svchost.exe,work
2019-08-01 11:39:11.150310,svchost.exe,work
2019-08-01 11:39:11.176312,svchost.exe,work
2019-08-01 11:39:11.202316,MSOIDSVCM.EXE,work
2019-08-01 11:39:11.237314,svchost.exe,work
2019-08-01 11:39:11.280314,TelemetryHost.exe,work
2019-08-01 11:39:11.311314,wlanext.exe,work
2019-08-01 11:39:11.341309,conhost.exe,work
2019-08-01 11:39:11.371312,svchost.exe,work
2019-08-01 11:39:11.403311,svchost.exe,work
2019-08-01 11:39:11.439311,svchost.exe,work
2019-08-01 11:39:11.478309,WmiPrvSE.exe,work
2019-08-01 11:39:11.536311,svchost.exe,work
2019-08-01 11:39:11.569318,svchost.exe,work
2019-08-01 11:39:11.594310,svchost.exe,work
2019-08-01 11:39:11.629314,dllhost.exe,work
2019-08-01 11:39:11.669308,svchost.exe,work
2019-08-01 11:39:11.702311,vmmem,work
2019-08-01 11:39:11.729310,svchost.exe,work
2019-08-01 11:39:11.772319,svchost.exe,work
2019-08-01 11:39:11.803310,svchost.exe,work
2019-08-01 11:39:11.829309,CcmExec.exe,work
2019-08-01 11:39:11.875309,WmiPrvSE.exe,work
2019-08-01 11:39:11.906308,DolbyDAX2API.exe,work
2019-08-01 11:39:11.932311,svchost.exe,work
2019-08-01 11:39:11.973312,GoogleCrashHandler.exe,work
2019-08-01 11:39:12.005309,MBAMAgent.exe,work
2019-08-01 11:39:12.031310,GoogleCrashHandler64.exe,work
2019-08-01 11:39:12.071310,QualysAgent.exe,work
2019-08-01 11:39:12.108309,SgrmBroker.exe,work
2019-08-01 11:39:12.138308,WmiPrvSE.exe,work
2019-08-01 11:39:12.182310,svchost.exe,work
2019-08-01 11:39:12.212308,WmiPrvSE.exe,work
2019-08-01 11:39:12.241309,svchost.exe,work
2019-08-01 11:39:12.287309,svchost.exe,work
2019-08-01 11:39:12.317310,rundll32.exe,work
2019-08-01 11:39:12.345308,svchost.exe,work
2019-08-01 11:39:12.377311,svchost.exe,work
2019-08-01 11:39:12.417309,svchost.exe,work
2019-08-01 11:39:12.455310,svchost.exe,work
2019-08-01 11:39:12.517308,WmiPrvSE.exe,work
2019-08-01 11:39:12.575310,SecurityHealthService.exe,work
2019-08-01 11:39:12.660309,SenseCE.exe,work
2019-08-01 11:39:12.754307,vmwp.exe,work
2019-08-01 11:39:12.801310,vmmem,work
2019-08-01 11:39:12.859308,svchost.exe,work
2019-08-01 11:39:12.888310,svchost.exe,work
2019-08-01 11:39:12.915310,svchost.exe,work
2019-08-01 11:39:12.948311,svchost.exe,work
2019-08-01 11:39:12.988310,csrss.exe,work
2019-08-01 11:39:13.019309,winlogon.exe,work
2019-08-01 11:39:13.055309,dwm.exe,work
2019-08-01 11:39:13.091308,fontdrvhost.exe,work
2019-08-01 11:39:13.123308,NVDisplay.Container.exe,work
2019-08-01 11:39:13.159307,LPlatSvc.exe,work
2019-08-01 11:39:13.191307,RAVBg64.exe,work
2019-08-01 11:39:13.230309,SynTPEnh.exe,work
2019-08-01 11:39:13.264307,sihost.exe,work
2019-08-01 11:39:13.294310,svchost.exe,work
2019-08-01 11:39:13.333308,vmwp.exe,work
2019-08-01 11:39:13.366307,svchost.exe,work
2019-08-01 11:39:13.394308,igfxEM.exe,work
2019-08-01 11:39:13.436308,SynTPLpr.exe,work
2019-08-01 11:39:13.467306,SynLenovoHelper.exe,work
2019-08-01 11:39:13.507306,taskhostw.exe,work
2019-08-01 11:39:13.542309,SynTPHelper.exe,work
2019-08-01 11:39:13.576305,vmmem,work
2019-08-01 11:39:13.616309,explorer.exe,work
2019-08-01 11:39:13.647306,ctfmon.exe,work
2019-08-01 11:39:13.677308,svchost.exe,work
2019-08-01 11:39:13.719308,dllhost.exe,work
2019-08-01 11:39:13.751308,StartMenuExperienceHost.exe,work
2019-08-01 11:39:13.808307,RuntimeBroker.exe,work
2019-08-01 11:39:13.853307,SearchUI.exe,work
2019-08-01 11:39:13.891308,RuntimeBroker.exe,work
2019-08-01 11:39:13.922310,ApplicationFrameHost.exe,work
2019-08-01 11:39:13.962307,MicrosoftEdge.exe,work
2019-08-01 11:39:14.001305,PowerMgr.exe,work
2019-08-01 11:39:14.035306,SkypeApp.exe,work
2019-08-01 11:39:14.067306,SkypeBackgroundHost.exe,work
2019-08-01 11:39:14.214306,browser_broker.exe,work
2019-08-01 11:39:14.256306,dllhost.exe,work
2019-08-01 11:39:14.284306,RuntimeBroker.exe,work
2019-08-01 11:39:14.311307,MicrosoftEdgeCP.exe,work
2019-08-01 11:39:14.336309,MicrosoftEdgeSH.exe,work
2019-08-01 11:39:14.392305,TabTip.exe,work
2019-08-01 11:39:14.419305,SettingSyncHost.exe,work
2019-08-01 11:39:14.449307,GpVpnApp.exe,work
2019-08-01 11:39:14.488308,RuntimeBroker.exe,work
2019-08-01 11:39:14.525305,RuntimeBroker.exe,work
2019-08-01 11:39:14.556305,smartscreen.exe,work
2019-08-01 11:39:14.597306,SCNotification.exe,work
2019-08-01 11:39:14.629305,hvsimgr.exe,work
2019-08-01 11:39:14.665306,SecurityHealthSystray.exe,work
2019-08-01 11:39:14.704306,OneDrive.exe,work
2019-08-01 11:39:14.735304,Docker for Windows.exe,work
2019-08-01 11:39:14.767304,Teams.exe,work
2019-08-01 11:39:14.806306,AlertusDesktopAlert.exe,work
2019-08-01 11:39:14.898304,hvsirpcd.exe,work
2019-08-01 11:39:14.965304,hvsirdpclient.exe,work
2019-08-01 11:39:14.996305,RAVBg64.exe,work
2019-08-01 11:39:15.025303,vpnkit.exe,work
2019-08-01 11:39:15.070307,Docker.Watchguard.exe,work
2019-08-01 11:39:15.101304,conhost.exe,work
2019-08-01 11:39:15.125306,conhost.exe,work
2019-08-01 11:39:15.148307,com.docker.proxy.exe,work
2019-08-01 11:39:15.206304,Docker.Watchguard.exe,work
2019-08-01 11:39:15.230304,conhost.exe,work
2019-08-01 11:39:15.270306,conhost.exe,work
2019-08-01 11:39:15.303305,Teams.exe,work
2019-08-01 11:39:15.335304,Teams.exe,work
2019-08-01 11:39:15.375305,RuntimeBroker.exe,work
2019-08-01 11:39:15.407305,Teams.exe,work
2019-08-01 11:39:15.438305,Teams.exe,work
2019-08-01 11:39:15.481304,ShellExperienceHost.exe,work
2019-08-01 11:39:15.518305,RuntimeBroker.exe,work
2019-08-01 11:39:15.541304,RAVCpl64.exe,work
2019-08-01 11:39:15.586305,MicrosoftEdgeCP.exe,work
2019-08-01 11:39:15.624304,MicrosoftEdgeCP.exe,work
2019-08-01 11:39:15.644304,MicrosoftEdgeCP.exe,work
2019-08-01 11:39:15.685308,MicrosoftEdgeCP.exe,work
2019-08-01 11:39:15.731304,MicrosoftEdgeCP.exe,work
2019-08-01 11:39:15.763305,MicrosoftEdgeCP.exe,work
2019-08-01 11:39:15.799304,MicrosoftEdgeCP.exe,work
2019-08-01 11:39:15.848306,svchost.exe,work
2019-08-01 11:39:15.883306,MicrosoftEdgeCP.exe,work
2019-08-01 11:39:15.922302,MicrosoftEdgeCP.exe,work
2019-08-01 11:39:15.963302,WinStore.App.exe,work
2019-08-01 11:39:16.002302,RuntimeBroker.exe,work
2019-08-01 11:39:16.048302,HxOutlook.exe,work
2019-08-01 11:39:16.124304,RuntimeBroker.exe,work
2019-08-01 11:39:16.159305,HxTsr.exe,work
2019-08-01 11:39:16.197303,HxAccounts.exe,work
2019-08-01 11:39:16.276303,MicrosoftEdgeCP.exe,work
2019-08-01 11:39:16.318304,audiodg.exe,work
2019-08-01 11:39:16.344305,LockApp.exe,work
2019-08-01 11:39:16.381303,RuntimeBroker.exe,work
2019-08-01 11:39:16.425303,WdagSelfhostApp.exe,work
2019-08-01 11:39:16.455305,MicrosoftEdgeCP.exe,work
2019-08-01 11:39:16.486922,WUDFHost.exe,work
2019-08-01 11:39:16.544920,svchost.exe,work
2019-08-01 11:39:16.580922,svchost.exe,work
2019-08-01 11:39:16.612919,svchost.exe,work
2019-08-01 11:39:16.661922,OfficeClickToRun.exe,work
2019-08-01 11:39:16.704921,AppVShNotify.exe,work
2019-08-01 11:39:16.741918,AppVShNotify.exe,work
2019-08-01 11:39:16.789922,Microsoft.Photos.exe,work
2019-08-01 11:39:16.824922,RuntimeBroker.exe,work
2019-08-01 11:39:16.871930,SearchIndexer.exe,work
2019-08-01 11:39:16.919920,OUTLOOK.EXE,work
2019-08-01 11:39:16.956927,MicrosoftEdgeCP.exe,work
2019-08-01 11:39:17.000921,Code.exe,work
2019-08-01 11:39:17.042921,Code.exe,work
2019-08-01 11:39:17.084922,Code.exe,work
2019-08-01 11:39:17.129919,Code.exe,work
2019-08-01 11:39:17.196921,vds.exe,work
2019-08-01 11:39:17.265920,MicrosoftEdgeCP.exe,work
2019-08-01 11:39:17.309919,iexplore.exe,work
2019-08-01 11:39:17.342924,iexplore.exe,work
2019-08-01 11:39:17.387920,MicrosoftEdgeCP.exe,work
2019-08-01 11:39:17.459918,MicrosoftEdgeCP.exe,work
2019-08-01 11:39:17.552919,MicrosoftEdgeCP.exe,work
2019-08-01 11:39:17.580916,MicrosoftEdgeCP.exe,work
2019-08-01 11:39:17.651918,MicrosoftEdgeCP.exe,work
2019-08-01 11:39:17.718922,MicrosoftEdgeCP.exe,work
2019-08-01 11:39:17.757918,WindowsInternal.ComposableShell.Experiences.TextInput.InputApp.exe,work
2019-08-01 11:39:17.793920,MicrosoftEdgeCP.exe,work
2019-08-01 11:39:17.882918,MicrosoftEdgeCP.exe,work
2019-08-01 11:39:17.912919,MicrosoftPdfReader.exe,work
2019-08-01 11:39:17.977007,MicrosoftEdgeCP.exe,work
2019-08-01 11:39:18.045073,MicrosoftEdgeCP.exe,work
2019-08-01 11:39:18.107160,MicrosoftEdgeCP.exe,work
2019-08-01 11:39:18.202240,MicrosoftEdgeCP.exe,work
2019-08-01 11:39:18.259274,MicrosoftEdgeCP.exe,work
2019-08-01 11:39:18.281276,MicrosoftEdgeCP.exe,work
2019-08-01 11:39:18.403518,YourPhone.exe,work
2019-08-01 11:39:18.461474,RuntimeBroker.exe,work
2019-08-01 11:39:18.495466,MicrosoftEdgeCP.exe,work
2019-08-01 11:39:18.606996,chrome.exe,work
2019-08-01 11:39:18.677999,chrome.exe,work
2019-08-01 11:39:18.773997,chrome.exe,work
2019-08-01 11:39:18.829995,chrome.exe,work
2019-08-01 11:39:18.918997,chrome.exe,work
2019-08-01 11:39:18.960995,chrome.exe,work
2019-08-01 11:39:19.028996,chrome.exe,work
2019-08-01 11:39:19.080994,chrome.exe,work
2019-08-01 11:39:19.137997,MicrosoftEdgeCP.exe,work
2019-08-01 11:39:19.191996,MicrosoftEdgeCP.exe,work
2019-08-01 11:39:19.258995,MicrosoftPdfReader.exe,work
2019-08-01 11:39:19.305994,MicrosoftEdgeCP.exe,work
2019-08-01 11:39:19.338996,MicrosoftEdgeCP.exe,work
2019-08-01 11:39:19.415995,Code.exe,work
2019-08-01 11:39:19.452996,CodeHelper.exe,work
2019-08-01 11:39:19.519994,conhost.exe,work
2019-08-01 11:39:19.591997,Code.exe,work
2019-08-01 11:39:19.653997,python.exe,work
2019-08-01 11:39:19.681996,conhost.exe,work
2019-08-01 11:39:19.756994,python.exe,work
2019-08-01 11:39:19.786995,conhost.exe,work
2019-08-01 11:39:19.845996,MicrosoftEdgeCP.exe,work
2019-08-01 11:39:19.885994,conhost.exe,work
2019-08-01 11:39:19.914995,powershell.exe,work
2019-08-01 11:39:19.968996,WINWORD.EXE,work
2019-08-01 11:39:20.003996,PerfWatson2.exe,work
2019-08-01 11:39:20.028993,MicrosoftEdgeCP.exe,work
2019-08-01 11:39:20.098995,MicrosoftEdgeCP.exe,work
2019-08-01 11:39:20.137993,Code.exe,work
2019-08-01 11:39:20.182995,MicrosoftEdgeCP.exe,work
2019-08-01 11:39:20.215997,MicrosoftEdgeCP.exe,work
2019-08-01 11:39:20.284994,MicrosoftEdgeCP.exe,work
2019-08-01 11:39:20.319995,MicrosoftEdgeCP.exe,work
2019-08-01 11:39:20.340994,MicrosoftEdgeCP.exe,work
2019-08-01 11:39:20.396993,LPlatSvc.exe,work
2019-08-01 11:39:20.422995,MicrosoftEdgeCP.exe,work
2019-08-01 11:39:20.446993,MicrosoftEdgeCP.exe,work
2019-08-01 11:39:20.521995,MicrosoftEdgeCP.exe,work
2019-08-01 11:39:20.548995,MicrosoftEdgeCP.exe,work
2019-08-01 11:39:20.571995,MicrosoftEdgeCP.exe,work
2019-08-01 11:39:20.625993,MicrosoftEdgeCP.exe,work
2019-08-01 11:39:20.674993,MicrosoftEdgeCP.exe,work
2019-08-01 11:39:20.731994,MicrosoftEdgeCP.exe,work
2019-08-01 11:39:20.786993,CredentialUIBroker.exe,work
2019-08-01 11:39:20.808995,chrome.exe,work
2019-08-01 11:39:20.840994,Code.exe,work
2019-08-01 11:39:20.895992,conhost.exe,work
2019-08-01 11:39:20.923993,powershell.exe,work
2019-08-01 11:39:20.965993,CodeHelper.exe,work
2019-08-01 11:39:21.046992,conhost.exe,work
2019-08-01 11:39:21.083993,MicrosoftEdgeCP.exe,work
2019-08-01 11:39:21.132996,Code.exe,work
2019-08-01 11:39:21.162994,python.exe,work
2019-08-01 11:39:21.195994,conhost.exe,work
2019-08-01 11:39:21.239994,python.exe,work
2019-08-01 11:39:21.268994,conhost.exe,work
2019-08-01 11:39:21.303995,MicrosoftEdgeCP.exe,work
2019-08-01 11:39:21.341994,MicrosoftEdgeCP.exe,work
2019-08-01 11:39:21.380995,MicrosoftEdgeCP.exe,work
2019-08-01 11:39:21.405993,MicrosoftEdgeCP.exe,work
2019-08-01 11:39:21.443993,policyHost.exe,work
2019-08-01 11:39:21.485991,MicrosoftEdgeCP.exe,work
2019-08-01 11:39:21.526993,Code.exe,work
2019-08-01 11:39:21.559994,SearchProtocolHost.exe,work
2019-08-01 11:39:21.590992,MicrosoftEdgeCP.exe,work
2019-08-01 11:39:21.634994,svchost.exe,work
2019-08-01 11:39:21.655992,svchost.exe,work
2019-08-01 11:39:21.695995,RuntimeBroker.exe,work
2019-08-01 11:39:21.732995,RuntimeBroker.exe,work
2019-08-01 11:39:21.761993,backgroundTaskHost.exe,work
2019-08-01 11:39:21.827993,MicrosoftEdgeCP.exe,work
2019-08-01 11:39:21.874992,Code.exe,work
2019-08-01 11:39:21.895998,python.exe,work
2019-08-01 11:40:07.094939,System Idle Process,work
2019-08-01 11:40:07.116939,System,work
2019-08-01 11:40:07.154939,Secure System,work
2019-08-01 11:40:07.192941,Registry,work
2019-08-01 11:40:07.225939,smss.exe,work
2019-08-01 11:40:07.255938,csrss.exe,work
2019-08-01 11:40:07.292977,wininit.exe,work
2019-08-01 11:40:07.324978,services.exe,work
2019-08-01 11:40:07.355991,LsaIso.exe,work
2019-08-01 11:40:07.383977,lsass.exe,work
2019-08-01 11:40:07.430974,svchost.exe,work
2019-08-01 11:40:07.465050,svchost.exe,work
2019-08-01 11:40:07.494039,fontdrvhost.exe,work
2019-08-01 11:40:07.534050,svchost.exe,work
2019-08-01 11:40:07.598043,svchost.exe,work
2019-08-01 11:40:07.661041,svchost.exe,work
2019-08-01 11:40:07.683042,svchost.exe,work
2019-08-01 11:40:07.709040,svchost.exe,work
2019-08-01 11:40:07.754041,svchost.exe,work
2019-08-01 11:40:07.784038,svchost.exe,work
2019-08-01 11:40:07.823040,svchost.exe,work
2019-08-01 11:40:07.856041,svchost.exe,work
2019-08-01 11:40:07.886039,svchost.exe,work
2019-08-01 11:40:07.919039,svchost.exe,work
2019-08-01 11:40:07.962039,svchost.exe,work
2019-08-01 11:40:07.993039,svchost.exe,work
2019-08-01 11:40:08.054040,svchost.exe,work
2019-08-01 11:40:08.083040,svchost.exe,work
2019-08-01 11:40:08.107041,svchost.exe,work
2019-08-01 11:40:08.154039,svchost.exe,work
2019-08-01 11:40:08.183039,svchost.exe,work
2019-08-01 11:40:08.208039,svchost.exe,work
2019-08-01 11:40:08.253038,svchost.exe,work
2019-08-01 11:40:08.284039,svchost.exe,work
2019-08-01 11:40:08.313038,svchost.exe,work
2019-08-01 11:40:08.348040,svchost.exe,work
2019-08-01 11:40:08.383040,svchost.exe,work
2019-08-01 11:40:08.416037,svchost.exe,work
2019-08-01 11:40:08.455039,svchost.exe,work
2019-08-01 11:40:08.488039,svchost.exe,work
2019-08-01 11:40:08.531061,svchost.exe,work
2019-08-01 11:40:08.565039,svchost.exe,work
2019-08-01 11:40:08.600041,WUDFHost.exe,work
2019-08-01 11:40:08.642038,ibmpmsvc.exe,work
2019-08-01 11:40:08.712037,LPlatSvc.exe,work
2019-08-01 11:40:08.750040,svchost.exe,work
2019-08-01 11:40:08.776039,NVDisplay.Container.exe,work
2019-08-01 11:40:08.834039,svchost.exe,work
2019-08-01 11:40:08.866040,svchost.exe,work
2019-08-01 11:40:08.897038,svchost.exe,work
2019-08-01 11:40:08.945038,svchost.exe,work
2019-08-01 11:40:08.979038,svchost.exe,work
2019-08-01 11:40:09.012037,Memory Compression,work
2019-08-01 11:40:09.058038,svchost.exe,work
2019-08-01 11:40:09.095039,igfxCUIService.exe,work
2019-08-01 11:40:09.135037,svchost.exe,work
2019-08-01 11:40:09.177038,svchost.exe,work
2019-08-01 11:40:09.207037,svchost.exe,work
2019-08-01 11:40:09.252037,PresentationFontCache.exe,work
2019-08-01 11:40:09.286038,svchost.exe,work
2019-08-01 11:40:09.326037,svchost.exe,work
2019-08-01 11:40:09.361037,RtkAudioService64.exe,work
2019-08-01 11:40:09.400037,svchost.exe,work
2019-08-01 11:40:09.460038,svchost.exe,work
2019-08-01 11:40:09.491039,svchost.exe,work
2019-08-01 11:40:09.526038,svchost.exe,work
2019-08-01 11:40:09.568037,svchost.exe,work
2019-08-01 11:40:09.603038,svchost.exe,work
2019-08-01 11:40:09.636037,svchost.exe,work
2019-08-01 11:40:09.681058,svchost.exe,work
2019-08-01 11:40:09.716038,spoolsv.exe,work
2019-08-01 11:40:09.759037,svchost.exe,work
2019-08-01 11:40:09.803038,com.docker.service,work
2019-08-01 11:40:09.854038,IntelCpHeciSvc.exe,work
2019-08-01 11:40:09.913037,svchost.exe,work
2019-08-01 11:40:09.943038,IntelCpHDCPSvc.exe,work
2019-08-01 11:40:09.976038,svchost.exe,work
2019-08-01 11:40:10.033035,svchost.exe,work
2019-08-01 11:40:10.057036,vmcompute.exe,work
2019-08-01 11:40:10.095037,ibtsiva.exe,work
2019-08-01 11:40:10.138037,svchost.exe,work
2019-08-01 11:40:10.169038,EasyResume.exe,work
2019-08-01 11:40:10.217037,svchost.exe,work
2019-08-01 11:40:10.258037,MSOIDSVC.EXE,work
2019-08-01 11:40:10.311036,svchost.exe,work
2019-08-01 11:40:10.344036,MsSense.exe,work
2019-08-01 11:40:10.381036,sqlwriter.exe,work
2019-08-01 11:40:10.419036,SynTPEnhService.exe,work
2019-08-01 11:40:10.446038,svchost.exe,work
2019-08-01 11:40:10.487042,svchost.exe,work
2019-08-01 11:40:10.534037,vmms.exe,work
2019-08-01 11:40:10.570037,svchost.exe,work
2019-08-01 11:40:10.606037,MsMpEng.exe,work
2019-08-01 11:40:10.641062,svchost.exe,work
2019-08-01 11:40:10.677038,svchost.exe,work
2019-08-01 11:40:10.717036,svchost.exe,work
2019-08-01 11:40:10.754037,svchost.exe,work
2019-08-01 11:40:10.791048,MSOIDSVCM.EXE,work
2019-08-01 11:40:10.834035,svchost.exe,work
2019-08-01 11:40:10.863036,TelemetryHost.exe,work
2019-08-01 11:40:10.901576,wlanext.exe,work
2019-08-01 11:40:10.940618,conhost.exe,work
2019-08-01 11:40:10.995579,svchost.exe,work
2019-08-01 11:40:11.036577,svchost.exe,work
2019-08-01 11:40:11.073579,svchost.exe,work
2019-08-01 11:40:11.104577,WmiPrvSE.exe,work
2019-08-01 11:40:11.143575,svchost.exe,work
2019-08-01 11:40:11.182588,svchost.exe,work
2019-08-01 11:40:11.212578,svchost.exe,work
2019-08-01 11:40:11.242597,dllhost.exe,work
2019-08-01 11:40:11.279576,svchost.exe,work
2019-08-01 11:40:11.314576,vmmem,work
2019-08-01 11:40:11.346579,svchost.exe,work
2019-08-01 11:40:11.380576,svchost.exe,work
2019-08-01 11:40:11.416579,svchost.exe,work
2019-08-01 11:40:11.455579,CcmExec.exe,work
2019-08-01 11:40:11.485596,WmiPrvSE.exe,work
2019-08-01 11:40:11.533576,DolbyDAX2API.exe,work
2019-08-01 11:40:11.572576,svchost.exe,work
2019-08-01 11:40:11.601575,GoogleCrashHandler.exe,work
2019-08-01 11:40:11.632590,MBAMAgent.exe,work
2019-08-01 11:40:11.663575,GoogleCrashHandler64.exe,work
2019-08-01 11:40:11.706575,QualysAgent.exe,work
2019-08-01 11:40:11.745578,SgrmBroker.exe,work
2019-08-01 11:40:11.796576,WmiPrvSE.exe,work
2019-08-01 11:40:11.834576,svchost.exe,work
2019-08-01 11:40:11.865574,WmiPrvSE.exe,work
2019-08-01 11:40:11.898577,svchost.exe,work
2019-08-01 11:40:11.936575,svchost.exe,work
2019-08-01 11:40:11.966576,rundll32.exe,work
2019-08-01 11:40:11.992574,svchost.exe,work
2019-08-01 11:40:12.034575,svchost.exe,work
2019-08-01 11:40:12.065577,svchost.exe,work
2019-08-01 11:40:12.104578,svchost.exe,work
2019-08-01 11:40:12.155093,WmiPrvSE.exe,work
2019-08-01 11:40:12.195094,SecurityHealthService.exe,work
2019-08-01 11:40:12.227095,SenseCE.exe,work
2019-08-01 11:40:12.275095,vmwp.exe,work
2019-08-01 11:40:12.317095,vmmem,work
2019-08-01 11:40:12.358097,svchost.exe,work
2019-08-01 11:40:12.402093,svchost.exe,work
2019-08-01 11:40:12.439094,svchost.exe,work
2019-08-01 11:40:12.486095,svchost.exe,work
2019-08-01 11:40:12.539093,csrss.exe,work
2019-08-01 11:40:12.576094,winlogon.exe,work
2019-08-01 11:40:12.617095,dwm.exe,work
2019-08-01 11:40:12.654094,fontdrvhost.exe,work
2019-08-01 11:40:12.692095,NVDisplay.Container.exe,work
2019-08-01 11:40:12.720096,LPlatSvc.exe,work
2019-08-01 11:40:12.752092,RAVBg64.exe,work
2019-08-01 11:40:12.777095,SynTPEnh.exe,work
2019-08-01 11:40:12.813092,sihost.exe,work
2019-08-01 11:40:12.842094,svchost.exe,work
2019-08-01 11:40:12.865096,vmwp.exe,work
2019-08-01 11:40:12.898095,svchost.exe,work
2019-08-01 11:40:12.929093,igfxEM.exe,work
2019-08-01 11:40:12.954097,SynTPLpr.exe,work
2019-08-01 11:40:12.980093,SynLenovoHelper.exe,work
2019-08-01 11:40:13.014092,taskhostw.exe,work
2019-08-01 11:40:13.042095,SynTPHelper.exe,work
2019-08-01 11:40:13.071095,vmmem,work
2019-08-01 11:40:13.100093,explorer.exe,work
2019-08-01 11:40:13.130094,ctfmon.exe,work
2019-08-01 11:40:13.158094,svchost.exe,work
2019-08-01 11:40:13.210094,dllhost.exe,work
2019-08-01 11:40:13.243096,StartMenuExperienceHost.exe,work
2019-08-01 11:40:13.274094,RuntimeBroker.exe,work
2019-08-01 11:40:13.299095,SearchUI.exe,work
2019-08-01 11:40:13.341095,RuntimeBroker.exe,work
2019-08-01 11:40:13.363093,ApplicationFrameHost.exe,work
2019-08-01 11:40:13.386093,MicrosoftEdge.exe,work
2019-08-01 11:40:13.414094,PowerMgr.exe,work
2019-08-01 11:40:13.450093,SkypeApp.exe,work
2019-08-01 11:40:13.477092,SkypeBackgroundHost.exe,work
2019-08-01 11:40:13.510094,browser_broker.exe,work
2019-08-01 11:40:13.535094,dllhost.exe,work
2019-08-01 11:40:13.566094,RuntimeBroker.exe,work
2019-08-01 11:40:13.598092,MicrosoftEdgeCP.exe,work
2019-08-01 11:40:13.632097,MicrosoftEdgeSH.exe,work
2019-08-01 11:40:13.662093,TabTip.exe,work
2019-08-01 11:40:13.690095,SettingSyncHost.exe,work
2019-08-01 11:40:13.720092,GpVpnApp.exe,work
2019-08-01 11:40:13.753093,RuntimeBroker.exe,work
2019-08-01 11:40:13.781095,RuntimeBroker.exe,work
2019-08-01 11:40:13.812091,smartscreen.exe,work
2019-08-01 11:40:13.852094,SCNotification.exe,work
2019-08-01 11:40:13.880095,hvsimgr.exe,work
2019-08-01 11:40:13.911093,SecurityHealthSystray.exe,work
2019-08-01 11:40:13.944094,OneDrive.exe,work
2019-08-01 11:40:13.972093,Docker for Windows.exe,work
2019-08-01 11:40:14.017094,Teams.exe,work
2019-08-01 11:40:14.046093,AlertusDesktopAlert.exe,work
2019-08-01 11:40:14.076093,hvsirpcd.exe,work
2019-08-01 11:40:14.113096,hvsirdpclient.exe,work
2019-08-01 11:40:14.144095,RAVBg64.exe,work
2019-08-01 11:40:14.166099,vpnkit.exe,work
2019-08-01 11:40:14.194092,Docker.Watchguard.exe,work
2019-08-01 11:40:14.231094,conhost.exe,work
2019-08-01 11:40:14.264093,conhost.exe,work
2019-08-01 11:40:14.304094,com.docker.proxy.exe,work
2019-08-01 11:40:14.378092,Docker.Watchguard.exe,work
2019-08-01 11:40:14.425093,conhost.exe,work
2019-08-01 11:40:14.456094,conhost.exe,work
2019-08-01 11:40:14.497091,Teams.exe,work
2019-08-01 11:40:14.551093,Teams.exe,work
2019-08-01 11:40:14.592092,RuntimeBroker.exe,work
2019-08-01 11:40:14.635093,Teams.exe,work
2019-08-01 11:40:14.674092,Teams.exe,work
2019-08-01 11:40:14.726092,ShellExperienceHost.exe,work
2019-08-01 11:40:14.781092,RuntimeBroker.exe,work
2019-08-01 11:40:14.813130,RAVCpl64.exe,work
2019-08-01 11:40:14.842094,MicrosoftEdgeCP.exe,work
2019-08-01 11:40:14.874093,MicrosoftEdgeCP.exe,work
2019-08-01 11:40:14.940091,MicrosoftEdgeCP.exe,work
2019-08-01 11:40:14.986092,MicrosoftEdgeCP.exe,work
2019-08-01 11:40:15.057096,MicrosoftEdgeCP.exe,work
2019-08-01 11:40:15.096101,MicrosoftEdgeCP.exe,work
2019-08-01 11:40:15.154097,MicrosoftEdgeCP.exe,work
2019-08-01 11:40:15.195108,svchost.exe,work
2019-08-01 11:40:15.226091,MicrosoftEdgeCP.exe,work
2019-08-01 11:40:15.256101,MicrosoftEdgeCP.exe,work
2019-08-01 11:40:15.293092,WinStore.App.exe,work
2019-08-01 11:40:15.319121,RuntimeBroker.exe,work
2019-08-01 11:40:15.345092,HxOutlook.exe,work
2019-08-01 11:40:15.372091,RuntimeBroker.exe,work
2019-08-01 11:40:15.397094,HxTsr.exe,work
2019-08-01 11:40:15.428092,HxAccounts.exe,work
2019-08-01 11:40:15.471090,MicrosoftEdgeCP.exe,work
2019-08-01 11:40:15.499097,audiodg.exe,work
2019-08-01 11:40:15.535094,LockApp.exe,work
2019-08-01 11:40:15.554091,RuntimeBroker.exe,work
2019-08-01 11:40:15.580097,WdagSelfhostApp.exe,work
2019-08-01 11:40:15.607092,MicrosoftEdgeCP.exe,work
2019-08-01 11:40:15.630091,WUDFHost.exe,work
2019-08-01 11:40:15.656092,svchost.exe,work
2019-08-01 11:40:15.684114,svchost.exe,work
2019-08-01 11:40:15.712093,svchost.exe,work
2019-08-01 11:40:15.739090,OfficeClickToRun.exe,work
2019-08-01 11:40:15.761092,AppVShNotify.exe,work
2019-08-01 11:40:15.788091,AppVShNotify.exe,work
2019-08-01 11:40:15.815092,Microsoft.Photos.exe,work
2019-08-01 11:40:15.842089,RuntimeBroker.exe,work
2019-08-01 11:40:15.868091,SearchIndexer.exe,work
2019-08-01 11:40:15.893092,OUTLOOK.EXE,work
2019-08-01 11:40:15.918090,MicrosoftEdgeCP.exe,work
2019-08-01 11:40:15.945099,Code.exe,work
2019-08-01 11:40:15.979090,Code.exe,work
2019-08-01 11:40:16.005094,Code.exe,work
2019-08-01 11:40:16.034091,Code.exe,work
2019-08-01 11:40:16.059092,vds.exe,work
2019-08-01 11:40:16.086089,MicrosoftEdgeCP.exe,work
2019-08-01 11:40:16.137090,iexplore.exe,work
2019-08-01 11:40:16.178091,iexplore.exe,work
2019-08-01 11:40:16.219090,MicrosoftEdgeCP.exe,work
2019-08-01 11:40:16.279091,MicrosoftEdgeCP.exe,work
2019-08-01 11:40:16.322093,MicrosoftEdgeCP.exe,work
2019-08-01 11:40:16.345091,MicrosoftEdgeCP.exe,work
2019-08-01 11:40:16.377090,MicrosoftEdgeCP.exe,work
2019-08-01 11:40:16.417091,MicrosoftEdgeCP.exe,work
2019-08-01 11:40:16.444091,WindowsInternal.ComposableShell.Experiences.TextInput.InputApp.exe,work
2019-08-01 11:40:16.473090,MicrosoftEdgeCP.exe,work
2019-08-01 11:40:16.502089,MicrosoftEdgeCP.exe,work
2019-08-01 11:40:16.556089,MicrosoftPdfReader.exe,work
2019-08-01 11:40:16.585090,MicrosoftEdgeCP.exe,work
2019-08-01 11:40:16.627089,MicrosoftEdgeCP.exe,work
2019-08-01 11:40:16.649089,MicrosoftEdgeCP.exe,work
2019-08-01 11:40:16.676089,MicrosoftEdgeCP.exe,work
2019-08-01 11:40:16.702090,MicrosoftEdgeCP.exe,work
2019-08-01 11:40:16.731090,MicrosoftEdgeCP.exe,work
2019-08-01 11:40:16.760090,YourPhone.exe,work
2019-08-01 11:40:16.780090,RuntimeBroker.exe,work
2019-08-01 11:40:16.810090,MicrosoftEdgeCP.exe,work
2019-08-01 11:40:16.835088,chrome.exe,work
2019-08-01 11:40:16.864094,chrome.exe,work
2019-08-01 11:40:16.892089,chrome.exe,work
2019-08-01 11:40:16.919092,chrome.exe,work
2019-08-01 11:40:16.945090,chrome.exe,work
2019-08-01 11:40:16.973088,chrome.exe,work
2019-08-01 11:40:16.996091,chrome.exe,work
2019-08-01 11:40:17.032090,chrome.exe,work
2019-08-01 11:40:17.056088,MicrosoftEdgeCP.exe,work
2019-08-01 11:40:17.082090,MicrosoftEdgeCP.exe,work
2019-08-01 11:40:17.111091,MicrosoftPdfReader.exe,work
2019-08-01 11:40:17.146092,MicrosoftEdgeCP.exe,work
2019-08-01 11:40:17.185089,MicrosoftEdgeCP.exe,work
2019-08-01 11:40:17.229089,Code.exe,work
2019-08-01 11:40:17.252089,CodeHelper.exe,work
2019-08-01 11:40:17.276090,conhost.exe,work
2019-08-01 11:40:17.300087,Code.exe,work
2019-08-01 11:40:17.327089,python.exe,work
2019-08-01 11:40:17.362089,conhost.exe,work
2019-08-01 11:40:17.380090,python.exe,work
2019-08-01 11:40:17.408090,conhost.exe,work
2019-08-01 11:40:17.438090,MicrosoftEdgeCP.exe,work
2019-08-01 11:40:17.464090,conhost.exe,work
2019-08-01 11:40:17.487089,powershell.exe,work
2019-08-01 11:40:17.525087,WINWORD.EXE,work
2019-08-01 11:40:17.552090,PerfWatson2.exe,work
2019-08-01 11:40:17.571088,MicrosoftEdgeCP.exe,work
2019-08-01 11:40:17.596088,MicrosoftEdgeCP.exe,work
2019-08-01 11:40:17.639088,Code.exe,work
2019-08-01 11:40:17.672091,MicrosoftEdgeCP.exe,work
2019-08-01 11:40:17.711090,MicrosoftEdgeCP.exe,work
2019-08-01 11:40:17.745087,MicrosoftEdgeCP.exe,work
2019-08-01 11:40:17.775090,MicrosoftEdgeCP.exe,work
2019-08-01 11:40:17.794089,MicrosoftEdgeCP.exe,work
2019-08-01 11:40:17.822089,LPlatSvc.exe,work
2019-08-01 11:40:17.848086,MicrosoftEdgeCP.exe,work
2019-08-01 11:40:17.876087,MicrosoftEdgeCP.exe,work
2019-08-01 11:40:17.902088,MicrosoftEdgeCP.exe,work
2019-08-01 11:40:17.929088,MicrosoftEdgeCP.exe,work
2019-08-01 11:40:17.954087,MicrosoftEdgeCP.exe,work
2019-08-01 11:40:17.984087,MicrosoftEdgeCP.exe,work
2019-08-01 11:40:18.030090,MicrosoftEdgeCP.exe,work
2019-08-01 11:40:18.059087,MicrosoftEdgeCP.exe,work
2019-08-01 11:40:18.099087,CredentialUIBroker.exe,work
2019-08-01 11:40:18.130087,chrome.exe,work
2019-08-01 11:40:18.179089,Code.exe,work
2019-08-01 11:40:18.207088,conhost.exe,work
2019-08-01 11:40:18.238087,powershell.exe,work
2019-08-01 11:40:18.276089,CodeHelper.exe,work
2019-08-01 11:40:18.304088,conhost.exe,work
2019-08-01 11:40:18.341086,MicrosoftEdgeCP.exe,work
2019-08-01 11:40:18.372088,Code.exe,work
2019-08-01 11:40:18.402089,python.exe,work
2019-08-01 11:40:18.443088,conhost.exe,work
2019-08-01 11:40:18.474090,python.exe,work
2019-08-01 11:40:18.518092,conhost.exe,work
2019-08-01 11:40:18.543087,MicrosoftEdgeCP.exe,work
2019-08-01 11:40:18.569088,MicrosoftEdgeCP.exe,work
2019-08-01 11:40:18.595087,MicrosoftEdgeCP.exe,work
2019-08-01 11:40:18.621088,MicrosoftEdgeCP.exe,work
2019-08-01 11:40:18.649087,policyHost.exe,work
2019-08-01 11:40:18.676087,MicrosoftEdgeCP.exe,work
2019-08-01 11:40:18.707087,Code.exe,work
2019-08-01 11:40:18.735091,MicrosoftEdgeCP.exe,work
2019-08-01 11:40:18.773087,svchost.exe,work
2019-08-01 11:40:18.809089,svchost.exe,work
2019-08-01 11:40:18.838088,MicrosoftEdgeCP.exe,work
2019-08-01 11:40:18.862085,Code.exe,work
2019-08-01 11:40:18.888089,python.exe,work
2019-08-01 11:40:18.917086,SearchProtocolHost.exe,work
2019-08-01 11:40:18.938087,SearchFilterHost.exe,work
2019-08-01 11:40:18.967088,ngen.exe,work
2019-08-01 11:40:18.994091,conhost.exe,work
2019-08-01 11:40:19.019088,mscorsvw.exe,work
2019-08-01 11:42:29.769898,System Idle Process,work
2019-08-01 11:42:29.799896,System,work
2019-08-01 11:42:29.828895,Secure System,work
2019-08-01 11:42:29.859894,Registry,work
2019-08-01 11:42:29.920891,smss.exe,work
2019-08-01 11:42:29.944886,csrss.exe,work
2019-08-01 11:42:29.995885,wininit.exe,work
2019-08-01 11:42:30.027883,services.exe,work
2019-08-01 11:42:30.053882,LsaIso.exe,work
2019-08-01 11:42:30.079882,lsass.exe,work
2019-08-01 11:42:30.125880,svchost.exe,work
2019-08-01 11:42:30.155877,svchost.exe,work
2019-08-01 11:42:30.209872,fontdrvhost.exe,work
2019-08-01 11:42:30.237872,svchost.exe,work
2019-08-01 11:42:30.265869,svchost.exe,work
2019-08-01 11:42:30.294888,svchost.exe,work
2019-08-01 11:42:30.337870,svchost.exe,work
2019-08-01 11:42:30.393871,svchost.exe,work
2019-08-01 11:42:30.423858,svchost.exe,work
2019-08-01 11:42:30.477875,svchost.exe,work
2019-08-01 11:42:30.524855,svchost.exe,work
2019-08-01 11:42:30.552852,svchost.exe,work
2019-08-01 11:42:30.578861,svchost.exe,work
2019-08-01 11:42:30.623847,svchost.exe,work
2019-08-01 11:42:30.654844,svchost.exe,work
2019-08-01 11:42:30.691844,svchost.exe,work
2019-08-01 11:42:30.719856,svchost.exe,work
2019-08-01 11:42:30.753841,svchost.exe,work
2019-08-01 11:42:30.787841,svchost.exe,work
2019-08-01 11:42:30.816837,svchost.exe,work
2019-08-01 11:42:30.854838,svchost.exe,work
2019-08-01 11:42:30.878834,svchost.exe,work
2019-08-01 11:42:30.905833,svchost.exe,work
2019-08-01 11:42:30.943839,svchost.exe,work
2019-08-01 11:42:30.972826,svchost.exe,work
2019-08-01 11:42:30.999825,svchost.exe,work
2019-08-01 11:42:31.030822,svchost.exe,work
2019-08-01 11:42:31.064840,svchost.exe,work
2019-08-01 11:42:31.091818,svchost.exe,work
2019-08-01 11:42:31.120817,svchost.exe,work
2019-08-01 11:42:31.154818,svchost.exe,work
2019-08-01 11:42:31.183818,svchost.exe,work
2019-08-01 11:42:31.211812,WUDFHost.exe,work
2019-08-01 11:42:31.238810,ibmpmsvc.exe,work
2019-08-01 11:42:31.267819,LPlatSvc.exe,work
2019-08-01 11:42:31.303806,svchost.exe,work
2019-08-01 11:42:31.332805,NVDisplay.Container.exe,work
2019-08-01 11:42:31.394803,svchost.exe,work
2019-08-01 11:42:31.421798,svchost.exe,work
2019-08-01 11:42:31.449798,svchost.exe,work
2019-08-01 11:42:31.478795,svchost.exe,work
2019-08-01 11:42:31.532793,svchost.exe,work
2019-08-01 11:42:31.559791,Memory Compression,work
2019-08-01 11:42:31.597786,svchost.exe,work
2019-08-01 11:42:31.643786,igfxCUIService.exe,work
2019-08-01 11:42:31.672783,svchost.exe,work
2019-08-01 11:42:31.699781,svchost.exe,work
2019-08-01 11:42:31.726781,svchost.exe,work
2019-08-01 11:42:31.760777,PresentationFontCache.exe,work
2019-08-01 11:42:31.795777,svchost.exe,work
2019-08-01 11:42:31.823777,svchost.exe,work
2019-08-01 11:42:31.851772,RtkAudioService64.exe,work
2019-08-01 11:42:31.889770,svchost.exe,work
2019-08-01 11:42:31.934767,svchost.exe,work
2019-08-01 11:42:31.961765,svchost.exe,work
2019-08-01 11:42:31.988766,svchost.exe,work
2019-08-01 11:42:32.015764,svchost.exe,work
2019-08-01 11:42:32.046761,svchost.exe,work
2019-08-01 11:42:32.076758,svchost.exe,work
2019-08-01 11:42:32.106757,svchost.exe,work
2019-08-01 11:42:32.135755,spoolsv.exe,work
2019-08-01 11:42:32.164755,svchost.exe,work
2019-08-01 11:42:32.195754,com.docker.service,work
2019-08-01 11:42:32.223754,IntelCpHeciSvc.exe,work
2019-08-01 11:42:32.252751,svchost.exe,work
2019-08-01 11:42:32.283746,IntelCpHDCPSvc.exe,work
2019-08-01 11:42:32.313745,svchost.exe,work
2019-08-01 11:42:32.340743,svchost.exe,work
2019-08-01 11:42:32.397738,vmcompute.exe,work
2019-08-01 11:42:32.422739,ibtsiva.exe,work
2019-08-01 11:42:32.448738,svchost.exe,work
2019-08-01 11:42:32.479734,EasyResume.exe,work
2019-08-01 11:42:32.535734,svchost.exe,work
2019-08-01 11:42:32.564728,MSOIDSVC.EXE,work
2019-08-01 11:42:32.590730,svchost.exe,work
2019-08-01 11:42:32.617725,MsSense.exe,work
2019-08-01 11:42:32.652723,sqlwriter.exe,work
2019-08-01 11:42:32.706721,SynTPEnhService.exe,work
2019-08-01 11:42:32.736720,svchost.exe,work
2019-08-01 11:42:32.767718,svchost.exe,work
2019-08-01 11:42:32.798715,vmms.exe,work
2019-08-01 11:42:32.825713,svchost.exe,work
2019-08-01 11:42:32.855710,MsMpEng.exe,work
2019-08-01 11:42:32.887713,svchost.exe,work
2019-08-01 11:42:32.914708,svchost.exe,work
2019-08-01 11:42:32.941705,svchost.exe,work
2019-08-01 11:42:32.973702,svchost.exe,work
2019-08-01 11:42:33.003702,MSOIDSVCM.EXE,work
2019-08-01 11:42:33.033699,svchost.exe,work
2019-08-01 11:42:33.061704,TelemetryHost.exe,work
2019-08-01 11:42:33.098697,wlanext.exe,work
2019-08-01 11:42:33.128697,conhost.exe,work
2019-08-01 11:42:33.155693,svchost.exe,work
2019-08-01 11:42:33.184693,svchost.exe,work
2019-08-01 11:42:33.219692,svchost.exe,work
2019-08-01 11:42:33.248689,WmiPrvSE.exe,work
2019-08-01 11:42:33.277689,svchost.exe,work
2019-08-01 11:42:33.306683,svchost.exe,work
2019-08-01 11:42:33.343682,svchost.exe,work
2019-08-01 11:42:33.391682,dllhost.exe,work
2019-08-01 11:42:33.417678,svchost.exe,work
2019-08-01 11:42:33.450672,vmmem,work
2019-08-01 11:42:33.482673,svchost.exe,work
2019-08-01 11:42:33.511672,svchost.exe,work
2019-08-01 11:42:33.553670,svchost.exe,work
2019-08-01 11:42:33.585669,CcmExec.exe,work
2019-08-01 11:42:33.615664,WmiPrvSE.exe,work
2019-08-01 11:42:33.644663,DolbyDAX2API.exe,work
2019-08-01 11:42:33.678661,svchost.exe,work
2019-08-01 11:42:33.724658,GoogleCrashHandler.exe,work
2019-08-01 11:42:33.754659,MBAMAgent.exe,work
2019-08-01 11:42:33.796656,GoogleCrashHandler64.exe,work
2019-08-01 11:42:33.836652,QualysAgent.exe,work
2019-08-01 11:42:33.873648,SgrmBroker.exe,work
2019-08-01 11:42:33.901651,WmiPrvSE.exe,work
2019-08-01 11:42:33.928648,svchost.exe,work
2019-08-01 11:42:33.957646,WmiPrvSE.exe,work
2019-08-01 11:42:33.987643,svchost.exe,work
2019-08-01 11:42:34.016641,svchost.exe,work
2019-08-01 11:42:34.044638,rundll32.exe,work
2019-08-01 11:42:34.075639,svchost.exe,work
2019-08-01 11:42:34.103635,svchost.exe,work
2019-08-01 11:42:34.135634,svchost.exe,work
2019-08-01 11:42:34.163633,svchost.exe,work
2019-08-01 11:42:34.192632,WmiPrvSE.exe,work
2019-08-01 11:42:34.224627,SecurityHealthService.exe,work
2019-08-01 11:42:34.253626,SenseCE.exe,work
2019-08-01 11:42:34.285626,vmwp.exe,work
2019-08-01 11:42:34.343623,vmmem,work
2019-08-01 11:42:34.390618,svchost.exe,work
2019-08-01 11:42:34.415616,svchost.exe,work
2019-08-01 11:42:34.439614,svchost.exe,work
2019-08-01 11:42:34.468616,svchost.exe,work
2019-08-01 11:42:34.517616,csrss.exe,work
2019-08-01 11:42:34.543609,winlogon.exe,work
2019-08-01 11:42:34.568611,dwm.exe,work
2019-08-01 11:42:34.594608,fontdrvhost.exe,work
2019-08-01 11:42:34.627602,NVDisplay.Container.exe,work
2019-08-01 11:42:34.657604,LPlatSvc.exe,work
2019-08-01 11:42:34.686600,RAVBg64.exe,work
2019-08-01 11:42:34.716597,SynTPEnh.exe,work
2019-08-01 11:42:34.746596,sihost.exe,work
2019-08-01 11:42:34.783595,svchost.exe,work
2019-08-01 11:42:34.812593,vmwp.exe,work
2019-08-01 11:42:34.839588,svchost.exe,work
2019-08-01 11:42:34.868591,igfxEM.exe,work
2019-08-01 11:42:34.918585,SynTPLpr.exe,work
2019-08-01 11:42:34.958583,SynLenovoHelper.exe,work
2019-08-01 11:42:34.988581,taskhostw.exe,work
2019-08-01 11:42:35.015579,SynTPHelper.exe,work
2019-08-01 11:42:35.042579,vmmem,work
2019-08-01 11:42:35.075576,explorer.exe,work
2019-08-01 11:42:35.105574,ctfmon.exe,work
2019-08-01 11:42:35.134571,svchost.exe,work
2019-08-01 11:42:35.164571,dllhost.exe,work
2019-08-01 11:42:35.193569,StartMenuExperienceHost.exe,work
2019-08-01 11:42:35.223567,RuntimeBroker.exe,work
2019-08-01 11:42:35.254565,SearchUI.exe,work
2019-08-01 11:42:35.283563,RuntimeBroker.exe,work
2019-08-01 11:42:35.314563,ApplicationFrameHost.exe,work
2019-08-01 11:42:35.341563,MicrosoftEdge.exe,work
2019-08-01 11:42:35.416559,PowerMgr.exe,work
2019-08-01 11:42:35.440554,SkypeApp.exe,work
2019-08-01 11:42:35.466551,SkypeBackgroundHost.exe,work
2019-08-01 11:42:35.492549,browser_broker.exe,work
2019-08-01 11:42:35.532551,dllhost.exe,work
2019-08-01 11:42:35.557548,RuntimeBroker.exe,work
2019-08-01 11:42:35.585548,MicrosoftEdgeCP.exe,work
2019-08-01 11:42:35.637543,MicrosoftEdgeSH.exe,work
2019-08-01 11:42:35.665540,TabTip.exe,work
2019-08-01 11:42:35.696539,SettingSyncHost.exe,work
2019-08-01 11:42:35.725536,GpVpnApp.exe,work
2019-08-01 11:42:35.754534,RuntimeBroker.exe,work
2019-08-01 11:42:35.788533,RuntimeBroker.exe,work
2019-08-01 11:42:35.818531,smartscreen.exe,work
2019-08-01 11:42:35.847530,SCNotification.exe,work
2019-08-01 11:42:35.907527,hvsimgr.exe,work
2019-08-01 11:42:35.936524,SecurityHealthSystray.exe,work
2019-08-01 11:42:35.977522,OneDrive.exe,work
2019-08-01 11:42:36.013519,Docker for Windows.exe,work
2019-08-01 11:42:36.058519,Teams.exe,work
2019-08-01 11:42:36.109512,AlertusDesktopAlert.exe,work
2019-08-01 11:42:36.141510,hvsirpcd.exe,work
2019-08-01 11:42:36.179509,hvsirdpclient.exe,work
2019-08-01 11:42:36.226506,RAVBg64.exe,work
2019-08-01 11:42:36.260507,vpnkit.exe,work
2019-08-01 11:42:36.286504,Docker.Watchguard.exe,work
2019-08-01 11:42:36.315502,conhost.exe,work
2019-08-01 11:42:36.371498,conhost.exe,work
2019-08-01 11:42:36.397495,com.docker.proxy.exe,work
2019-08-01 11:42:36.422495,Docker.Watchguard.exe,work
2019-08-01 11:42:36.450492,conhost.exe,work
2019-08-01 11:42:36.485492,conhost.exe,work
2019-08-01 11:42:36.532486,Teams.exe,work
2019-08-01 11:42:36.556485,Teams.exe,work
2019-08-01 11:42:36.593485,RuntimeBroker.exe,work
2019-08-01 11:42:36.620481,Teams.exe,work
2019-08-01 11:42:36.651480,Teams.exe,work
2019-08-01 11:42:36.675479,ShellExperienceHost.exe,work
2019-08-01 11:42:36.709477,RuntimeBroker.exe,work
2019-08-01 11:42:36.739476,RAVCpl64.exe,work
2019-08-01 11:42:36.766472,MicrosoftEdgeCP.exe,work
2019-08-01 11:42:36.798471,MicrosoftEdgeCP.exe,work
2019-08-01 11:42:36.866467,MicrosoftEdgeCP.exe,work
2019-08-01 11:42:36.901466,MicrosoftEdgeCP.exe,work
2019-08-01 11:42:36.931463,MicrosoftEdgeCP.exe,work
2019-08-01 11:42:36.971462,MicrosoftEdgeCP.exe,work
2019-08-01 11:42:37.015457,MicrosoftEdgeCP.exe,work
2019-08-01 11:42:37.044459,svchost.exe,work
2019-08-01 11:42:37.091457,MicrosoftEdgeCP.exe,work
2019-08-01 11:42:37.159449,MicrosoftEdgeCP.exe,work
2019-08-01 11:42:37.206445,WinStore.App.exe,work
2019-08-01 11:42:37.233448,RuntimeBroker.exe,work
2019-08-01 11:42:37.260442,HxOutlook.exe,work
2019-08-01 11:42:37.289440,RuntimeBroker.exe,work
2019-08-01 11:42:37.321440,HxTsr.exe,work
2019-08-01 11:42:37.379437,HxAccounts.exe,work
2019-08-01 11:42:37.407435,MicrosoftEdgeCP.exe,work
2019-08-01 11:42:37.433432,audiodg.exe,work
2019-08-01 11:42:37.459432,LockApp.exe,work
2019-08-01 11:42:37.496431,RuntimeBroker.exe,work
2019-08-01 11:42:37.539426,WdagSelfhostApp.exe,work
2019-08-01 11:42:37.566426,MicrosoftEdgeCP.exe,work
2019-08-01 11:42:37.594423,WUDFHost.exe,work
2019-08-01 11:42:37.624426,svchost.exe,work
2019-08-01 11:42:37.654419,svchost.exe,work
2019-08-01 11:42:37.683416,svchost.exe,work
2019-08-01 11:42:37.714417,OfficeClickToRun.exe,work
2019-08-01 11:42:37.745413,AppVShNotify.exe,work
2019-08-01 11:42:37.781416,AppVShNotify.exe,work
2019-08-01 11:42:37.811412,Microsoft.Photos.exe,work
2019-08-01 11:42:37.839409,RuntimeBroker.exe,work
2019-08-01 11:42:37.866407,SearchIndexer.exe,work
2019-08-01 11:42:37.900406,OUTLOOK.EXE,work
2019-08-01 11:42:37.930401,MicrosoftEdgeCP.exe,work
2019-08-01 11:42:37.983399,Code.exe,work
2019-08-01 11:42:38.015398,Code.exe,work
2019-08-01 11:42:38.042395,Code.exe,work
2019-08-01 11:42:38.073394,Code.exe,work
2019-08-01 11:42:38.105391,vds.exe,work
2019-08-01 11:42:38.133390,MicrosoftEdgeCP.exe,work
2019-08-01 11:42:38.161391,iexplore.exe,work
2019-08-01 11:42:38.195386,iexplore.exe,work
2019-08-01 11:42:38.227387,MicrosoftEdgeCP.exe,work
2019-08-01 11:42:38.273381,MicrosoftEdgeCP.exe,work
2019-08-01 11:42:38.313380,MicrosoftEdgeCP.exe,work
2019-08-01 11:42:38.343377,MicrosoftEdgeCP.exe,work
2019-08-01 11:42:38.396376,MicrosoftEdgeCP.exe,work
2019-08-01 11:42:38.422374,MicrosoftEdgeCP.exe,work
2019-08-01 11:42:38.450371,WindowsInternal.ComposableShell.Experiences.TextInput.InputApp.exe,work
2019-08-01 11:42:38.478370,MicrosoftEdgeCP.exe,work
2019-08-01 11:42:38.508368,MicrosoftEdgeCP.exe,work
2019-08-01 11:42:38.538364,MicrosoftPdfReader.exe,work
2019-08-01 11:42:38.566363,MicrosoftEdgeCP.exe,work
2019-08-01 11:42:38.602360,MicrosoftEdgeCP.exe,work
2019-08-01 11:42:38.634362,MicrosoftEdgeCP.exe,work
2019-08-01 11:42:38.663359,MicrosoftEdgeCP.exe,work
2019-08-01 11:42:38.691357,MicrosoftEdgeCP.exe,work
2019-08-01 11:42:38.721355,MicrosoftEdgeCP.exe,work
2019-08-01 11:42:38.757352,YourPhone.exe,work
2019-08-01 11:42:38.795352,RuntimeBroker.exe,work
2019-08-01 11:42:38.823348,MicrosoftEdgeCP.exe,work
2019-08-01 11:42:38.851348,chrome.exe,work
2019-08-01 11:42:38.884344,chrome.exe,work
2019-08-01 11:42:38.915343,chrome.exe,work
2019-08-01 11:42:38.947340,chrome.exe,work
2019-08-01 11:42:38.975342,chrome.exe,work
2019-08-01 11:42:39.011338,chrome.exe,work
2019-08-01 11:42:39.040336,chrome.exe,work
2019-08-01 11:42:39.072334,chrome.exe,work
2019-08-01 11:42:39.101330,MicrosoftEdgeCP.exe,work
2019-08-01 11:42:39.132343,MicrosoftEdgeCP.exe,work
2019-08-01 11:42:39.160327,MicrosoftPdfReader.exe,work
2019-08-01 11:42:39.190338,MicrosoftEdgeCP.exe,work
2019-08-01 11:42:39.222324,MicrosoftEdgeCP.exe,work
2019-08-01 11:42:39.253337,Code.exe,work
2019-08-01 11:42:39.283322,CodeHelper.exe,work
2019-08-01 11:42:39.316317,conhost.exe,work
2019-08-01 11:42:39.347317,Code.exe,work
2019-08-01 11:42:39.414323,python.exe,work
2019-08-01 11:42:39.444310,conhost.exe,work
2019-08-01 11:42:39.492307,python.exe,work
2019-08-01 11:42:39.531308,conhost.exe,work
2019-08-01 11:42:39.565303,MicrosoftEdgeCP.exe,work
2019-08-01 11:42:39.616305,conhost.exe,work
2019-08-01 11:42:39.649297,powershell.exe,work
2019-08-01 11:42:39.678307,WINWORD.EXE,work
2019-08-01 11:42:39.706293,MicrosoftEdgeCP.exe,work
2019-08-01 11:42:39.739307,MicrosoftEdgeCP.exe,work
2019-08-01 11:42:39.768294,Code.exe,work
2019-08-01 11:42:39.806292,MicrosoftEdgeCP.exe,work
2019-08-01 11:42:39.835287,MicrosoftEdgeCP.exe,work
2019-08-01 11:42:39.866286,MicrosoftEdgeCP.exe,work
2019-08-01 11:42:39.894282,MicrosoftEdgeCP.exe,work
2019-08-01 11:42:39.923288,MicrosoftEdgeCP.exe,work
2019-08-01 11:42:39.953279,LPlatSvc.exe,work
2019-08-01 11:42:39.997277,MicrosoftEdgeCP.exe,work
2019-08-01 11:42:40.021282,MicrosoftEdgeCP.exe,work
2019-08-01 11:42:40.065276,MicrosoftEdgeCP.exe,work
2019-08-01 11:42:40.109268,MicrosoftEdgeCP.exe,work
2019-08-01 11:42:40.158265,MicrosoftEdgeCP.exe,work
2019-08-01 11:42:40.203265,MicrosoftEdgeCP.exe,work
2019-08-01 11:42:40.242263,MicrosoftEdgeCP.exe,work
2019-08-01 11:42:40.293258,MicrosoftEdgeCP.exe,work
2019-08-01 11:42:40.321257,CredentialUIBroker.exe,work
2019-08-01 11:42:40.345266,chrome.exe,work
2019-08-01 11:42:40.408251,Code.exe,work
2019-08-01 11:42:40.434252,conhost.exe,work
2019-08-01 11:42:40.465249,powershell.exe,work
2019-08-01 11:42:40.493247,CodeHelper.exe,work
2019-08-01 11:42:40.536245,conhost.exe,work
2019-08-01 11:42:40.581243,MicrosoftEdgeCP.exe,work
2019-08-01 11:42:40.621240,Code.exe,work
2019-08-01 11:42:40.650236,python.exe,work
2019-08-01 11:42:40.676237,conhost.exe,work
2019-08-01 11:42:40.706235,python.exe,work
2019-08-01 11:42:40.738234,conhost.exe,work
2019-08-01 11:42:40.765234,MicrosoftEdgeCP.exe,work
2019-08-01 11:42:40.795229,MicrosoftEdgeCP.exe,work
2019-08-01 11:42:40.845226,MicrosoftEdgeCP.exe,work
2019-08-01 11:42:40.874223,MicrosoftEdgeCP.exe,work
2019-08-01 11:42:40.901220,policyHost.exe,work
2019-08-01 11:42:40.934218,MicrosoftEdgeCP.exe,work
2019-08-01 11:42:40.966217,Code.exe,work
2019-08-01 11:42:41.021216,MicrosoftEdgeCP.exe,work
2019-08-01 11:42:41.055214,svchost.exe,work
2019-08-01 11:42:41.086209,svchost.exe,work
2019-08-01 11:42:41.137207,MicrosoftEdgeCP.exe,work
2019-08-01 11:42:41.167205,devenv.exe,work
2019-08-01 11:42:41.204202,PerfWatson2.exe,work
2019-08-01 11:42:41.255204,Microsoft.ServiceHub.Controller.exe,work
2019-08-01 11:42:41.282196,conhost.exe,work
2019-08-01 11:42:41.311197,ServiceHub.VSDetouredHost.exe,work
2019-08-01 11:42:41.340195,conhost.exe,work
2019-08-01 11:42:41.414191,ServiceHub.ThreadedWaitDialog.exe,work
2019-08-01 11:42:41.440190,conhost.exe,work
2019-08-01 11:42:41.467189,ServiceHub.SettingsHost.exe,work
2019-08-01 11:42:41.492184,conhost.exe,work
2019-08-01 11:42:41.536185,ServiceHub.IdentityHost.exe,work
2019-08-01 11:42:41.562181,conhost.exe,work
2019-08-01 11:42:41.616177,MSBuild.exe,work
2019-08-01 11:42:41.653173,conhost.exe,work
2019-08-01 11:42:41.700170,MSBuild.exe,work
2019-08-01 11:42:41.742170,conhost.exe,work
2019-08-01 11:42:41.770169,ServiceHub.Host.CLR.x86.exe,work
2019-08-01 11:42:41.795165,conhost.exe,work
2019-08-01 11:42:41.854167,ServiceHub.Host.CLR.x86.exe,work
2019-08-01 11:42:41.882161,conhost.exe,work
2019-08-01 11:42:41.911158,Microsoft.Alm.Shared.Remoting.RemoteContainer.dll,work
2019-08-01 11:42:41.964156,rstudio.exe,work
2019-08-01 11:42:41.998154,rsession.exe,work
2019-08-01 11:42:42.026151,conhost.exe,work
2019-08-01 11:42:42.059150,QtWebEngineProcess.exe,work
2019-08-01 11:42:42.087149,WmiPrvSE.exe,work
2019-08-01 11:42:42.116150,WmiPrvSE.exe,work
2019-08-01 11:42:42.150145,svchost.exe,work
2019-08-01 11:42:42.181146,gpupdate.exe,work
2019-08-01 11:42:42.209142,conhost.exe,work
2019-08-01 11:42:42.238140,svchost.exe,work
2019-08-01 11:42:42.270138,TrustedInstaller.exe,work
2019-08-01 11:42:42.305135,TiWorker.exe,work
2019-08-01 11:42:42.334135,backgroundTaskHost.exe,work
2019-08-01 11:42:42.392133,Code.exe,work
2019-08-01 11:42:42.421130,python.exe,work
2019-08-01 11:42:42.446131,MicrosoftEdgeCP.exe,work
2019-08-01 11:46:01.384154,System Idle Process,play
2019-08-01 11:46:01.400674,System,play
2019-08-01 11:46:01.421679,Secure System,play
2019-08-01 11:46:01.442674,Registry,play
2019-08-01 11:46:01.464674,smss.exe,play
2019-08-01 11:46:01.483195,csrss.exe,play
2019-08-01 11:46:01.504715,wininit.exe,play
2019-08-01 11:46:01.522715,services.exe,play
2019-08-01 11:46:01.543714,LsaIso.exe,play
2019-08-01 11:46:01.563710,lsass.exe,play
2019-08-01 11:46:01.582227,svchost.exe,play
2019-08-01 11:46:01.602227,svchost.exe,play
2019-08-01 11:46:01.616229,fontdrvhost.exe,play
2019-08-01 11:46:01.640224,svchost.exe,play
2019-08-01 11:46:01.663225,svchost.exe,play
2019-08-01 11:46:01.685223,svchost.exe,play
2019-08-01 11:46:01.703744,svchost.exe,play
2019-08-01 11:46:01.728751,svchost.exe,play
2019-08-01 11:46:01.744742,svchost.exe,play
2019-08-01 11:46:01.763740,svchost.exe,play
2019-08-01 11:46:01.781740,svchost.exe,play
2019-08-01 11:46:01.797737,svchost.exe,play
2019-08-01 11:46:01.823738,svchost.exe,play
2019-08-01 11:46:01.841735,svchost.exe,play
2019-08-01 11:46:01.860736,svchost.exe,play
2019-08-01 11:46:01.883736,svchost.exe,play
2019-08-01 11:46:01.902734,svchost.exe,play
2019-08-01 11:46:01.927732,svchost.exe,play
2019-08-01 11:46:01.943731,svchost.exe,play
2019-08-01 11:46:01.958731,svchost.exe,play
2019-08-01 11:46:01.975732,svchost.exe,play
2019-08-01 11:46:01.990729,svchost.exe,play
2019-08-01 11:46:02.010729,svchost.exe,play
2019-08-01 11:46:02.025727,svchost.exe,play
2019-08-01 11:46:02.043727,svchost.exe,play
2019-08-01 11:46:02.059726,svchost.exe,play
2019-08-01 11:46:02.078726,svchost.exe,play
2019-08-01 11:46:02.095725,svchost.exe,play
2019-08-01 11:46:02.116724,svchost.exe,play
2019-08-01 11:46:02.136725,svchost.exe,play
2019-08-01 11:46:02.154721,svchost.exe,play
2019-08-01 11:46:02.173719,svchost.exe,play
2019-08-01 11:46:02.191718,WUDFHost.exe,play
2019-08-01 11:46:02.209718,ibmpmsvc.exe,play
2019-08-01 11:46:02.229718,LPlatSvc.exe,play
2019-08-01 11:46:02.250719,svchost.exe,play
2019-08-01 11:46:02.269715,NVDisplay.Container.exe,play
2019-08-01 11:46:02.287718,svchost.exe,play
2019-08-01 11:46:02.307714,svchost.exe,play
2019-08-01 11:46:02.323712,svchost.exe,play
2019-08-01 11:46:02.344714,svchost.exe,play
2019-08-01 11:46:02.360713,svchost.exe,play
2019-08-01 11:46:02.379710,Memory Compression,play
2019-08-01 11:46:02.403710,svchost.exe,play
2019-08-01 11:46:02.419708,igfxCUIService.exe,play
2019-08-01 11:46:02.437706,svchost.exe,play
2019-08-01 11:46:02.452708,svchost.exe,play
2019-08-01 11:46:02.471707,svchost.exe,play
2019-08-01 11:46:02.488708,PresentationFontCache.exe,play
2019-08-01 11:46:02.505705,svchost.exe,play
2019-08-01 11:46:02.526704,svchost.exe,play
2019-08-01 11:46:02.542703,RtkAudioService64.exe,play
2019-08-01 11:46:02.560702,svchost.exe,play
2019-08-01 11:46:02.578701,svchost.exe,play
2019-08-01 11:46:02.596700,svchost.exe,play
2019-08-01 11:46:02.612702,svchost.exe,play
2019-08-01 11:46:02.629700,svchost.exe,play
2019-08-01 11:46:02.645699,svchost.exe,play
2019-08-01 11:46:02.664698,svchost.exe,play
2019-08-01 11:46:02.679698,svchost.exe,play
2019-08-01 11:46:02.695695,spoolsv.exe,play
2019-08-01 11:46:02.715695,svchost.exe,play
2019-08-01 11:46:02.732694,com.docker.service,play
2019-08-01 11:46:02.746694,IntelCpHeciSvc.exe,play
2019-08-01 11:46:02.761691,svchost.exe,play
2019-08-01 11:46:02.782693,IntelCpHDCPSvc.exe,play
2019-08-01 11:46:02.799691,svchost.exe,play
2019-08-01 11:46:02.816691,svchost.exe,play
2019-08-01 11:46:02.830690,vmcompute.exe,play
2019-08-01 11:46:02.845691,ibtsiva.exe,play
2019-08-01 11:46:02.860687,svchost.exe,play
2019-08-01 11:46:02.874687,EasyResume.exe,play
2019-08-01 11:46:02.895686,svchost.exe,play
2019-08-01 11:46:02.911685,MSOIDSVC.EXE,play
2019-08-01 11:46:02.926684,svchost.exe,play
2019-08-01 11:46:02.946684,MsSense.exe,play
2019-08-01 11:46:02.965684,sqlwriter.exe,play
2019-08-01 11:46:02.988686,SynTPEnhService.exe,play
2019-08-01 11:46:03.012683,svchost.exe,play
2019-08-01 11:46:03.031681,svchost.exe,play
2019-08-01 11:46:03.051680,vmms.exe,play
2019-08-01 11:46:03.066678,svchost.exe,play
2019-08-01 11:46:03.086676,MsMpEng.exe,play
2019-08-01 11:46:03.104675,svchost.exe,play
2019-08-01 11:46:03.121675,svchost.exe,play
2019-08-01 11:46:03.140673,svchost.exe,play
2019-08-01 11:46:03.155676,svchost.exe,play
2019-08-01 11:46:03.170673,MSOIDSVCM.EXE,play
2019-08-01 11:46:03.187675,svchost.exe,play
2019-08-01 11:46:03.208673,TelemetryHost.exe,play
2019-08-01 11:46:03.232668,wlanext.exe,play
2019-08-01 11:46:03.251670,conhost.exe,play
2019-08-01 11:46:03.268667,svchost.exe,play
2019-08-01 11:46:03.283668,svchost.exe,play
2019-08-01 11:46:03.297668,svchost.exe,play
2019-08-01 11:46:03.312666,WmiPrvSE.exe,play
2019-08-01 11:46:03.333664,svchost.exe,play
2019-08-01 11:46:03.350665,svchost.exe,play
2019-08-01 11:46:03.364664,svchost.exe,play
2019-08-01 11:46:03.384664,dllhost.exe,play
2019-08-01 11:46:03.400663,svchost.exe,play
2019-08-01 11:46:03.420661,vmmem,play
2019-08-01 11:46:03.440660,svchost.exe,play
2019-08-01 11:46:03.456659,svchost.exe,play
2019-08-01 11:46:03.474661,svchost.exe,play
2019-08-01 11:46:03.487658,CcmExec.exe,play
2019-08-01 11:46:03.509656,WmiPrvSE.exe,play
2019-08-01 11:46:03.525656,DolbyDAX2API.exe,play
2019-08-01 11:46:03.543657,svchost.exe,play
2019-08-01 11:46:03.561654,GoogleCrashHandler.exe,play
2019-08-01 11:46:03.579656,MBAMAgent.exe,play
2019-08-01 11:46:03.594662,GoogleCrashHandler64.exe,play
2019-08-01 11:46:03.610653,QualysAgent.exe,play
2019-08-01 11:46:03.630652,SgrmBroker.exe,play
2019-08-01 11:46:03.649650,WmiPrvSE.exe,play
2019-08-01 11:46:03.668650,svchost.exe,play
2019-08-01 11:46:03.686647,WmiPrvSE.exe,play
2019-08-01 11:46:03.704649,svchost.exe,play
2019-08-01 11:46:03.725647,svchost.exe,play
2019-08-01 11:46:03.744646,rundll32.exe,play
2019-08-01 11:46:03.761645,svchost.exe,play
2019-08-01 11:46:03.779643,svchost.exe,play
2019-08-01 11:46:03.798645,svchost.exe,play
2019-08-01 11:46:03.817675,svchost.exe,play
2019-08-01 11:46:03.835640,WmiPrvSE.exe,play
2019-08-01 11:46:03.853642,SecurityHealthService.exe,play
2019-08-01 11:46:03.868641,SenseCE.exe,play
2019-08-01 11:46:03.888642,vmwp.exe,play
2019-08-01 11:46:03.903640,vmmem,play
2019-08-01 11:46:03.920637,svchost.exe,play
2019-08-01 11:46:03.940637,svchost.exe,play
2019-08-01 11:46:03.957647,svchost.exe,play
2019-08-01 11:46:03.975635,svchost.exe,play
2019-08-01 11:46:03.996637,csrss.exe,play
2019-08-01 11:46:04.016635,winlogon.exe,play
2019-08-01 11:46:04.032634,dwm.exe,play
2019-08-01 11:46:04.055630,fontdrvhost.exe,play
2019-08-01 11:46:04.080646,NVDisplay.Container.exe,play
2019-08-01 11:46:04.102629,LPlatSvc.exe,play
2019-08-01 11:46:04.127630,RAVBg64.exe,play
2019-08-01 11:46:04.148628,SynTPEnh.exe,play
2019-08-01 11:46:04.171628,sihost.exe,play
2019-08-01 11:46:04.197630,svchost.exe,play
2019-08-01 11:46:04.228629,vmwp.exe,play
2019-08-01 11:46:04.252621,svchost.exe,play
2019-08-01 11:46:04.270621,igfxEM.exe,play
2019-08-01 11:46:04.289620,SynTPLpr.exe,play
2019-08-01 11:46:04.310618,SynLenovoHelper.exe,play
2019-08-01 11:46:04.331618,taskhostw.exe,play
2019-08-01 11:46:04.363625,SynTPHelper.exe,play
2019-08-01 11:46:04.379619,vmmem,play
2019-08-01 11:46:04.402621,explorer.exe,play
2019-08-01 11:46:04.423624,ctfmon.exe,play
2019-08-01 11:46:04.441613,svchost.exe,play
2019-08-01 11:46:04.465630,dllhost.exe,play
2019-08-01 11:46:04.482611,StartMenuExperienceHost.exe,play
2019-08-01 11:46:04.506647,RuntimeBroker.exe,play
2019-08-01 11:46:04.529608,SearchUI.exe,play
2019-08-01 11:46:04.550606,RuntimeBroker.exe,play
2019-08-01 11:46:04.570610,ApplicationFrameHost.exe,play
2019-08-01 11:46:04.589606,PowerMgr.exe,play
2019-08-01 11:46:04.607618,SkypeApp.exe,play
2019-08-01 11:46:04.626613,SkypeBackgroundHost.exe,play
2019-08-01 11:46:04.645606,dllhost.exe,play
2019-08-01 11:46:04.663602,RuntimeBroker.exe,play
2019-08-01 11:46:04.682603,TabTip.exe,play
2019-08-01 11:46:04.700600,SettingSyncHost.exe,play
2019-08-01 11:46:04.718598,GpVpnApp.exe,play
2019-08-01 11:46:04.739598,RuntimeBroker.exe,play
2019-08-01 11:46:04.754598,RuntimeBroker.exe,play
2019-08-01 11:46:04.773597,smartscreen.exe,play
2019-08-01 11:46:04.791595,SCNotification.exe,play
2019-08-01 11:46:04.812596,hvsimgr.exe,play
2019-08-01 11:46:04.827596,SecurityHealthSystray.exe,play
2019-08-01 11:46:04.847594,OneDrive.exe,play
2019-08-01 11:46:04.864595,Docker for Windows.exe,play
2019-08-01 11:46:04.884594,Teams.exe,play
2019-08-01 11:46:04.898593,AlertusDesktopAlert.exe,play
2019-08-01 11:46:04.914589,hvsirpcd.exe,play
2019-08-01 11:46:04.935589,hvsirdpclient.exe,play
2019-08-01 11:46:04.958589,RAVBg64.exe,play
2019-08-01 11:46:04.974589,vpnkit.exe,play
2019-08-01 11:46:04.997586,Docker.Watchguard.exe,play
2019-08-01 11:46:05.013604,conhost.exe,play
2019-08-01 11:46:05.031600,conhost.exe,play
2019-08-01 11:46:05.049584,com.docker.proxy.exe,play
2019-08-01 11:46:05.068584,Docker.Watchguard.exe,play
2019-08-01 11:46:05.085580,conhost.exe,play
2019-08-01 11:46:05.102582,conhost.exe,play
2019-08-01 11:46:05.123580,Teams.exe,play
2019-08-01 11:46:05.150579,Teams.exe,play
2019-08-01 11:46:05.168579,RuntimeBroker.exe,play
2019-08-01 11:46:05.197578,Teams.exe,play
2019-08-01 11:46:05.219576,Teams.exe,play
2019-08-01 11:46:05.236576,ShellExperienceHost.exe,play
2019-08-01 11:46:05.251575,RuntimeBroker.exe,play
2019-08-01 11:46:05.270574,RAVCpl64.exe,play
2019-08-01 11:46:05.292573,svchost.exe,play
2019-08-01 11:46:05.310574,WinStore.App.exe,play
2019-08-01 11:46:05.327573,RuntimeBroker.exe,play
2019-08-01 11:46:05.347570,HxOutlook.exe,play
2019-08-01 11:46:05.364569,RuntimeBroker.exe,play
2019-08-01 11:46:05.387568,HxTsr.exe,play
2019-08-01 11:46:05.407566,HxAccounts.exe,play
2019-08-01 11:46:05.430566,audiodg.exe,play
2019-08-01 11:46:05.445566,LockApp.exe,play
2019-08-01 11:46:05.465565,RuntimeBroker.exe,play
2019-08-01 11:46:05.482562,WdagSelfhostApp.exe,play
2019-08-01 11:46:05.498565,WUDFHost.exe,play
2019-08-01 11:46:05.513562,svchost.exe,play
2019-08-01 11:46:05.534560,svchost.exe,play
2019-08-01 11:46:05.557560,svchost.exe,play
2019-08-01 11:46:05.572561,OfficeClickToRun.exe,play
2019-08-01 11:46:05.590559,AppVShNotify.exe,play
2019-08-01 11:46:05.608557,AppVShNotify.exe,play
2019-08-01 11:46:05.625556,Microsoft.Photos.exe,play
2019-08-01 11:46:05.643554,RuntimeBroker.exe,play
2019-08-01 11:46:05.661554,SearchIndexer.exe,play
2019-08-01 11:46:05.680558,Code.exe,play
2019-08-01 11:46:05.698553,Code.exe,play
2019-08-01 11:46:05.718552,Code.exe,play
2019-08-01 11:46:05.736553,Code.exe,play
2019-08-01 11:46:05.751549,vds.exe,play
2019-08-01 11:46:05.767552,WindowsInternal.ComposableShell.Experiences.TextInput.InputApp.exe,play
2019-08-01 11:46:05.787548,YourPhone.exe,play
2019-08-01 11:46:05.804547,RuntimeBroker.exe,play
2019-08-01 11:46:05.822548,Code.exe,play
2019-08-01 11:46:05.839546,CodeHelper.exe,play
2019-08-01 11:46:05.861546,conhost.exe,play
2019-08-01 11:46:05.876544,Code.exe,play
2019-08-01 11:46:05.896544,python.exe,play
2019-08-01 11:46:05.909542,conhost.exe,play
2019-08-01 11:46:05.928544,python.exe,play
2019-08-01 11:46:05.945540,conhost.exe,play
2019-08-01 11:46:05.960540,conhost.exe,play
2019-08-01 11:46:05.978540,powershell.exe,play
2019-08-01 11:46:05.999540,WINWORD.EXE,play
2019-08-01 11:46:06.013536,Code.exe,play
2019-08-01 11:46:06.033538,LPlatSvc.exe,play
2019-08-01 11:46:06.048538,policyHost.exe,play
2019-08-01 11:46:06.071537,Code.exe,play
2019-08-01 11:46:06.086536,svchost.exe,play
2019-08-01 11:46:06.102537,SystemSettingsBroker.exe,play
2019-08-01 11:46:06.124534,WmiPrvSE.exe,play
2019-08-01 11:46:06.143531,WmiPrvSE.exe,play
2019-08-01 11:46:06.161535,svchost.exe,play
2019-08-01 11:46:06.181531,MicrosoftEdge.exe,play
2019-08-01 11:46:06.197530,browser_broker.exe,play
2019-08-01 11:46:06.221531,MicrosoftEdgeSH.exe,play
2019-08-01 11:46:06.245529,MicrosoftEdgeCP.exe,play
2019-08-01 11:46:06.270526,backgroundTaskHost.exe,play
2019-08-01 11:46:06.285526,svchost.exe,play
2019-08-01 11:46:06.306526,SearchProtocolHost.exe,play
2019-08-01 11:46:06.320524,SearchFilterHost.exe,play
2019-08-01 11:46:06.335526,Code.exe,play
2019-08-01 11:46:06.352522,python.exe,play
2019-08-01 11:52:52.024490,System Idle Process,play
2019-08-01 11:52:52.041454,System,play
2019-08-01 11:52:52.063447,Secure System,play
2019-08-01 11:52:52.085447,Registry,play
2019-08-01 11:52:52.105449,smss.exe,play
2019-08-01 11:52:52.129449,csrss.exe,play
2019-08-01 11:52:52.153445,wininit.exe,play
2019-08-01 11:52:52.179445,services.exe,play
2019-08-01 11:52:52.235443,LsaIso.exe,play
2019-08-01 11:52:52.262445,lsass.exe,play
2019-08-01 11:52:52.281445,svchost.exe,play
2019-08-01 11:52:52.295446,svchost.exe,play
2019-08-01 11:52:52.313445,fontdrvhost.exe,play
2019-08-01 11:52:52.331445,svchost.exe,play
2019-08-01 11:52:52.346444,svchost.exe,play
2019-08-01 11:52:52.367443,svchost.exe,play
2019-08-01 11:52:52.386443,svchost.exe,play
2019-08-01 11:52:52.405443,svchost.exe,play
2019-08-01 11:52:52.420443,svchost.exe,play
2019-08-01 11:52:52.441444,svchost.exe,play
2019-08-01 11:52:52.455442,svchost.exe,play
2019-08-01 11:52:52.479444,svchost.exe,play
2019-08-01 11:52:52.501445,svchost.exe,play
2019-08-01 11:52:52.516441,svchost.exe,play
2019-08-01 11:52:52.537443,svchost.exe,play
2019-08-01 11:52:52.550441,svchost.exe,play
2019-08-01 11:52:52.566445,svchost.exe,play
2019-08-01 11:52:52.586440,svchost.exe,play
2019-08-01 11:52:52.612441,svchost.exe,play
2019-08-01 11:52:52.628441,svchost.exe,play
2019-08-01 11:52:52.646440,svchost.exe,play
2019-08-01 11:52:52.662441,svchost.exe,play
2019-08-01 11:52:52.681441,svchost.exe,play
2019-08-01 11:52:52.703440,svchost.exe,play
2019-08-01 11:52:52.718442,svchost.exe,play
2019-08-01 11:52:52.735442,svchost.exe,play
2019-08-01 11:52:52.752440,svchost.exe,play
2019-08-01 11:52:52.772439,svchost.exe,play
2019-08-01 11:52:52.794438,svchost.exe,play
2019-08-01 11:52:52.812440,svchost.exe,play
2019-08-01 11:52:52.831441,svchost.exe,play
2019-08-01 11:52:52.847439,svchost.exe,play
2019-08-01 11:52:52.864439,WUDFHost.exe,play
2019-08-01 11:52:52.881437,ibmpmsvc.exe,play
2019-08-01 11:52:52.902436,LPlatSvc.exe,play
2019-08-01 11:52:52.920438,svchost.exe,play
2019-08-01 11:52:52.942436,NVDisplay.Container.exe,play
2019-08-01 11:52:52.958451,svchost.exe,play
2019-08-01 11:52:52.980436,svchost.exe,play
2019-08-01 11:52:52.995439,svchost.exe,play
2019-08-01 11:52:53.013437,svchost.exe,play
2019-08-01 11:52:53.035436,svchost.exe,play
2019-08-01 11:52:53.048436,Memory Compression,play
2019-08-01 11:52:53.066435,svchost.exe,play
2019-08-01 11:52:53.081437,igfxCUIService.exe,play
2019-08-01 11:52:53.097438,svchost.exe,play
2019-08-01 11:52:53.120436,svchost.exe,play
2019-08-01 11:52:53.143438,svchost.exe,play
2019-08-01 11:52:53.162436,PresentationFontCache.exe,play
2019-08-01 11:52:53.188435,svchost.exe,play
2019-08-01 11:52:53.208434,svchost.exe,play
2019-08-01 11:52:53.230434,RtkAudioService64.exe,play
2019-08-01 11:52:53.251434,svchost.exe,play
2019-08-01 11:52:53.266433,svchost.exe,play
2019-08-01 11:52:53.288435,svchost.exe,play
2019-08-01 11:52:53.306432,svchost.exe,play
2019-08-01 11:52:53.326434,svchost.exe,play
2019-08-01 11:52:53.343432,svchost.exe,play
2019-08-01 11:52:53.359432,svchost.exe,play
2019-08-01 11:52:53.379435,svchost.exe,play
2019-08-01 11:52:53.394433,spoolsv.exe,play
2019-08-01 11:52:53.417432,svchost.exe,play
2019-08-01 11:52:53.433434,com.docker.service,play
2019-08-01 11:52:53.456434,IntelCpHeciSvc.exe,play
2019-08-01 11:52:53.476432,svchost.exe,play
2019-08-01 11:52:53.496431,IntelCpHDCPSvc.exe,play
2019-08-01 11:52:53.515431,svchost.exe,play
2019-08-01 11:52:53.535432,svchost.exe,play
2019-08-01 11:52:53.554432,vmcompute.exe,play
2019-08-01 11:52:53.575435,ibtsiva.exe,play
2019-08-01 11:52:53.596431,svchost.exe,play
2019-08-01 11:52:53.613431,EasyResume.exe,play
2019-08-01 11:52:53.633431,svchost.exe,play
2019-08-01 11:52:53.654432,MSOIDSVC.EXE,play
2019-08-01 11:52:53.679429,svchost.exe,play
2019-08-01 11:52:53.703429,MsSense.exe,play
2019-08-01 11:52:53.725430,sqlwriter.exe,play
2019-08-01 11:52:53.741429,SynTPEnhService.exe,play
2019-08-01 11:52:53.762429,svchost.exe,play
2019-08-01 11:52:53.784428,svchost.exe,play
2019-08-01 11:52:53.801428,vmms.exe,play
2019-08-01 11:52:53.824429,svchost.exe,play
2019-08-01 11:52:53.847429,MsMpEng.exe,play
2019-08-01 11:52:53.883427,svchost.exe,play
2019-08-01 11:52:53.914428,svchost.exe,play
2019-08-01 11:52:53.985425,svchost.exe,play
2019-08-01 11:52:54.026425,svchost.exe,play
2019-08-01 11:52:54.079425,MSOIDSVCM.EXE,play
2019-08-01 11:52:54.124425,svchost.exe,play
2019-08-01 11:52:54.160424,TelemetryHost.exe,play
2019-08-01 11:52:54.207424,wlanext.exe,play
2019-08-01 11:52:54.233425,conhost.exe,play
2019-08-01 11:52:54.270426,svchost.exe,play
2019-08-01 11:52:54.301430,svchost.exe,play
2019-08-01 11:52:54.327426,svchost.exe,play
2019-08-01 11:52:54.348423,WmiPrvSE.exe,play
2019-08-01 11:52:54.374421,svchost.exe,play
2019-08-01 11:52:54.406422,svchost.exe,play
2019-08-01 11:52:54.430422,svchost.exe,play
2019-08-01 11:52:54.467423,dllhost.exe,play
2019-08-01 11:52:54.492422,svchost.exe,play
2019-08-01 11:52:54.519422,vmmem,play
2019-08-01 11:52:54.544419,svchost.exe,play
2019-08-01 11:52:54.568423,svchost.exe,play
2019-08-01 11:52:54.602420,svchost.exe,play
2019-08-01 11:52:54.630419,CcmExec.exe,play
2019-08-01 11:52:54.666417,WmiPrvSE.exe,play
2019-08-01 11:52:54.689422,DolbyDAX2API.exe,play
2019-08-01 11:52:54.719418,svchost.exe,play
2019-08-01 11:52:54.748418,GoogleCrashHandler.exe,play
2019-08-01 11:52:54.768420,MBAMAgent.exe,play
2019-08-01 11:52:54.800423,GoogleCrashHandler64.exe,play
2019-08-01 11:52:54.832416,QualysAgent.exe,play
2019-08-01 11:52:54.867417,SgrmBroker.exe,play
2019-08-01 11:52:54.896416,WmiPrvSE.exe,play
2019-08-01 11:52:54.957414,svchost.exe,play
2019-08-01 11:52:54.991416,WmiPrvSE.exe,play
2019-08-01 11:52:55.025414,svchost.exe,play
2019-08-01 11:52:55.052416,svchost.exe,play
2019-08-01 11:52:55.083415,rundll32.exe,play
2019-08-01 11:52:55.113413,svchost.exe,play
2019-08-01 11:52:55.174413,svchost.exe,play
2019-08-01 11:52:55.216411,svchost.exe,play
2019-08-01 11:52:55.249414,svchost.exe,play
2019-08-01 11:52:55.271413,WmiPrvSE.exe,play
2019-08-01 11:52:55.290412,SecurityHealthService.exe,play
2019-08-01 11:52:55.314413,SenseCE.exe,play
2019-08-01 11:52:55.337413,vmwp.exe,play
2019-08-01 11:52:55.360411,vmmem,play
2019-08-01 11:52:55.390412,svchost.exe,play
2019-08-01 11:52:55.424414,svchost.exe,play
2019-08-01 11:52:55.450410,svchost.exe,play
2019-08-01 11:52:55.481410,svchost.exe,play
2019-08-01 11:52:55.529409,csrss.exe,play
2019-08-01 11:52:55.581409,winlogon.exe,play
2019-08-01 11:52:55.612408,dwm.exe,play
2019-08-01 11:52:55.642410,fontdrvhost.exe,play
2019-08-01 11:52:55.667406,NVDisplay.Container.exe,play
2019-08-01 11:52:55.698408,LPlatSvc.exe,play
2019-08-01 11:52:55.724410,RAVBg64.exe,play
2019-08-01 11:52:55.777412,SynTPEnh.exe,play
2019-08-01 11:52:55.809409,sihost.exe,play
2019-08-01 11:52:55.841408,svchost.exe,play
2019-08-01 11:52:55.860408,vmwp.exe,play
2019-08-01 11:52:55.884407,svchost.exe,play
2019-08-01 11:52:55.906407,igfxEM.exe,play
2019-08-01 11:52:55.931407,SynTPLpr.exe,play
2019-08-01 11:52:55.955409,SynLenovoHelper.exe,play
2019-08-01 11:52:55.986406,taskhostw.exe,play
2019-08-01 11:52:56.013405,SynTPHelper.exe,play
2019-08-01 11:52:56.030405,vmmem,play
2019-08-01 11:52:56.055405,explorer.exe,play
2019-08-01 11:52:56.080405,ctfmon.exe,play
2019-08-01 11:52:56.107403,svchost.exe,play
2019-08-01 11:52:56.131402,dllhost.exe,play
2019-08-01 11:52:56.165403,StartMenuExperienceHost.exe,play
2019-08-01 11:52:56.230400,RuntimeBroker.exe,play
2019-08-01 11:52:56.263402,SearchUI.exe,play
2019-08-01 11:52:56.295400,RuntimeBroker.exe,play
2019-08-01 11:52:56.324404,ApplicationFrameHost.exe,play
2019-08-01 11:52:56.371405,PowerMgr.exe,play
2019-08-01 11:52:56.416400,SkypeBackgroundHost.exe,play
2019-08-01 11:52:56.435399,dllhost.exe,play
2019-08-01 11:52:56.464402,RuntimeBroker.exe,play
2019-08-01 11:52:56.491401,TabTip.exe,play
2019-08-01 11:52:56.535401,SettingSyncHost.exe,play
2019-08-01 11:52:56.580398,GpVpnApp.exe,play
2019-08-01 11:52:56.608397,RuntimeBroker.exe,play
2019-08-01 11:52:56.644403,RuntimeBroker.exe,play
2019-08-01 11:52:56.666396,smartscreen.exe,play
2019-08-01 11:52:56.691400,SCNotification.exe,play
2019-08-01 11:52:56.716398,hvsimgr.exe,play
2019-08-01 11:52:56.740396,SecurityHealthSystray.exe,play
2019-08-01 11:52:56.760396,OneDrive.exe,play
2019-08-01 11:52:56.777396,Docker for Windows.exe,play
2019-08-01 11:52:56.799396,Teams.exe,play
2019-08-01 11:52:56.817394,AlertusDesktopAlert.exe,play
2019-08-01 11:52:56.835395,hvsirpcd.exe,play
2019-08-01 11:52:56.857397,hvsirdpclient.exe,play
2019-08-01 11:52:56.878396,RAVBg64.exe,play
2019-08-01 11:52:56.900396,vpnkit.exe,play
2019-08-01 11:52:56.917395,Docker.Watchguard.exe,play
2019-08-01 11:52:56.936395,conhost.exe,play
2019-08-01 11:52:56.960396,conhost.exe,play
2019-08-01 11:52:56.977395,com.docker.proxy.exe,play
2019-08-01 11:52:56.994396,Docker.Watchguard.exe,play
2019-08-01 11:52:57.017394,conhost.exe,play
2019-08-01 11:52:57.034395,conhost.exe,play
2019-08-01 11:52:57.051392,Teams.exe,play
2019-08-01 11:52:57.074393,Teams.exe,play
2019-08-01 11:52:57.095394,RuntimeBroker.exe,play
2019-08-01 11:52:57.115392,Teams.exe,play
2019-08-01 11:52:57.135393,Teams.exe,play
2019-08-01 11:52:57.154392,ShellExperienceHost.exe,play
2019-08-01 11:52:57.180393,RuntimeBroker.exe,play
2019-08-01 11:52:57.201391,RAVCpl64.exe,play
2019-08-01 11:52:57.223391,svchost.exe,play
2019-08-01 11:52:57.245390,WinStore.App.exe,play
2019-08-01 11:52:57.266392,RuntimeBroker.exe,play
2019-08-01 11:52:57.285394,HxOutlook.exe,play
2019-08-01 11:52:57.308391,RuntimeBroker.exe,play
2019-08-01 11:52:57.324397,HxTsr.exe,play
2019-08-01 11:52:57.344390,HxAccounts.exe,play
2019-08-01 11:52:57.362389,LockApp.exe,play
2019-08-01 11:52:57.381389,RuntimeBroker.exe,play
2019-08-01 11:52:57.399388,WdagSelfhostApp.exe,play
2019-08-01 11:52:57.422390,WUDFHost.exe,play
2019-08-01 11:52:57.441391,svchost.exe,play
2019-08-01 11:52:57.461388,svchost.exe,play
2019-08-01 11:52:57.482390,svchost.exe,play
2019-08-01 11:52:57.504388,OfficeClickToRun.exe,play
2019-08-01 11:52:57.528389,AppVShNotify.exe,play
2019-08-01 11:52:57.551387,AppVShNotify.exe,play
2019-08-01 11:52:57.573389,Microsoft.Photos.exe,play
2019-08-01 11:52:57.600386,RuntimeBroker.exe,play
2019-08-01 11:52:57.625391,SearchIndexer.exe,play
2019-08-01 11:52:57.644387,Code.exe,play
2019-08-01 11:52:57.668388,Code.exe,play
2019-08-01 11:52:57.690386,Code.exe,play
2019-08-01 11:52:57.705387,Code.exe,play
2019-08-01 11:52:57.723387,vds.exe,play
2019-08-01 11:52:57.742385,WindowsInternal.ComposableShell.Experiences.TextInput.InputApp.exe,play
2019-08-01 11:52:57.762388,YourPhone.exe,play
2019-08-01 11:52:57.779399,RuntimeBroker.exe,play
2019-08-01 11:52:57.798387,Code.exe,play
2019-08-01 11:52:57.818384,CodeHelper.exe,play
2019-08-01 11:52:57.831385,conhost.exe,play
2019-08-01 11:52:57.852384,Code.exe,play
2019-08-01 11:52:57.867384,python.exe,play
2019-08-01 11:52:57.889384,conhost.exe,play
2019-08-01 11:52:57.905383,python.exe,play
2019-08-01 11:52:57.925384,conhost.exe,play
2019-08-01 11:52:57.943390,conhost.exe,play
2019-08-01 11:52:57.966384,powershell.exe,play
2019-08-01 11:52:57.981391,WINWORD.EXE,play
2019-08-01 11:52:58.003399,Code.exe,play
2019-08-01 11:52:58.023402,LPlatSvc.exe,play
2019-08-01 11:52:58.041389,policyHost.exe,play
2019-08-01 11:52:58.056380,SystemSettingsBroker.exe,play
2019-08-01 11:52:58.074382,MicrosoftEdge.exe,play
2019-08-01 11:52:58.095384,browser_broker.exe,play
2019-08-01 11:52:58.112380,MicrosoftEdgeSH.exe,play
2019-08-01 11:52:58.130383,MicrosoftEdgeCP.exe,play
2019-08-01 11:52:58.150384,MicrosoftEdgeCP.exe,play
2019-08-01 11:52:58.170380,MicrosoftEdgeCP.exe,play
2019-08-01 11:52:58.186389,MicrosoftEdgeCP.exe,play
2019-08-01 11:52:58.209381,MicrosoftEdgeCP.exe,play
2019-08-01 11:52:58.226390,WmiPrvSE.exe,play
2019-08-01 11:52:58.244384,WmiPrvSE.exe,play
2019-08-01 11:52:58.266390,svchost.exe,play
2019-08-01 11:52:58.287401,SkypeApp.exe,play
2019-08-01 11:52:58.303378,svchost.exe,play
2019-08-01 11:52:58.327398,backgroundTaskHost.exe,play
2019-08-01 11:52:58.347394,backgroundTaskHost.exe,play
2019-08-01 11:52:58.363381,RuntimeBroker.exe,play
2019-08-01 11:52:58.386393,POWERPNT.EXE,play
2019-08-01 11:52:58.406388,sppsvc.exe,play
2019-08-01 11:52:58.425378,RuntimeBroker.exe,play
2019-08-01 11:52:58.447383,Code.exe,play
2019-08-01 11:52:58.468385,python.exe,play
2019-08-01 11:52:58.486376,backgroundTaskHost.exe,play
2019-08-01 11:52:58.511397,Code.exe,play
